-- --------------------------------------------------------
-- Anfitrião:                    127.0.0.1
-- Versão do servidor:           10.4.32-MariaDB - mariadb.org binary distribution
-- SO do servidor:               Win64
-- HeidiSQL Versão:              12.11.0.7065
-- --------------------------------------------------------

/*!40101 SET @OLD_CHARACTER_SET_CLIENT=@@CHARACTER_SET_CLIENT */;
/*!40101 SET NAMES utf8 */;
/*!50503 SET NAMES utf8mb4 */;
/*!40103 SET @OLD_TIME_ZONE=@@TIME_ZONE */;
/*!40103 SET TIME_ZONE='+00:00' */;
/*!40014 SET @OLD_FOREIGN_KEY_CHECKS=@@FOREIGN_KEY_CHECKS, FOREIGN_KEY_CHECKS=0 */;
/*!40101 SET @OLD_SQL_MODE=@@SQL_MODE, SQL_MODE='NO_AUTO_VALUE_ON_ZERO' */;
/*!40111 SET @OLD_SQL_NOTES=@@SQL_NOTES, SQL_NOTES=0 */;


-- A despejar estrutura da base de dados para vorpcore_6eba9b
CREATE DATABASE IF NOT EXISTS `vorpcore_6eba9b` /*!40100 DEFAULT CHARACTER SET utf8 COLLATE utf8_general_ci */;
USE `vorpcore_6eba9b`;

-- A despejar estrutura para tabela vorpcore_6eba9b.bank_users
CREATE TABLE IF NOT EXISTS `bank_users` (
  `id` int(11) NOT NULL AUTO_INCREMENT,
  `name` varchar(50) NOT NULL,
  `identifier` varchar(50) CHARACTER SET utf8mb4 COLLATE utf8mb4_bin NOT NULL,
  `charidentifier` int(11) NOT NULL,
  `money` double(22,2) DEFAULT 0.00,
  `gold` double(22,2) DEFAULT 0.00,
  `items` longtext DEFAULT '[]',
  `invspace` int(11) NOT NULL,
  PRIMARY KEY (`id`),
  KEY `name` (`name`),
  KEY `bankusers` (`identifier`) USING BTREE,
  CONSTRAINT `bankusers` FOREIGN KEY (`identifier`) REFERENCES `users` (`identifier`) ON DELETE CASCADE ON UPDATE CASCADE
) ENGINE=InnoDB AUTO_INCREMENT=10 DEFAULT CHARSET=utf8mb4 COLLATE=utf8mb4_general_ci;

-- A despejar dados para tabela vorpcore_6eba9b.bank_users: ~9 rows (aproximadamente)
INSERT INTO `bank_users` (`id`, `name`, `identifier`, `charidentifier`, `money`, `gold`, `items`, `invspace`) VALUES
	(1, 'Blackwater', 'steam:11000014b113bd0', 1, 100.00, 0.00, '[]', 10),
	(2, 'Valentine', 'steam:110000108c373d0', 2, 0.00, 0.00, '[]', 100),
	(3, 'Valentine', 'steam:11000014b113bd0', 1, 11990000.00, 0.00, '[]', 10),
	(4, 'Blackwater', 'steam:11000015516cc97', 3, 900000.00, 0.00, '[]', 10),
	(5, 'Valentine', 'steam:11000015516cc97', 3, 0.00, 0.00, '[]', 10),
	(6, 'Rhodes', 'steam:11000015516cc97', 3, 0.00, 0.00, '[]', 10),
	(7, 'Rhodes', 'steam:11000010b4f2650', 4, 9990000000.00, 0.00, '[]', 10),
	(8, 'Blackwater', 'steam:11000010b17d982', 5, 151990200.00, 0.00, '[]', 10),
	(9, 'Valentine', 'steam:11000010b17d982', 5, 0.00, 0.00, '[]', 10);

-- A despejar estrutura para tabela vorpcore_6eba9b.bcchousing
CREATE TABLE IF NOT EXISTS `bcchousing` (
  `charidentifier` varchar(50) NOT NULL,
  `house_coords` longtext NOT NULL,
  `house_radius_limit` varchar(100) NOT NULL,
  `houseid` int(11) NOT NULL AUTO_INCREMENT,
  `furniture` longtext NOT NULL DEFAULT 'none',
  `doors` longtext NOT NULL DEFAULT 'none',
  `allowed_ids` longtext NOT NULL DEFAULT 'none',
  `invlimit` varchar(50) NOT NULL DEFAULT '200',
  `player_source_spawnedfurn` varchar(50) NOT NULL DEFAULT 'none',
  `taxes_collected` varchar(50) NOT NULL DEFAULT 'false',
  `ledger` float NOT NULL DEFAULT 0,
  `tax_amount` float NOT NULL DEFAULT 0,
  `tpInt` int(10) DEFAULT 0,
  `tpInstance` int(10) DEFAULT 0,
  `uniqueName` varchar(255) NOT NULL,
  `ownershipStatus` enum('purchased','rented') NOT NULL DEFAULT 'purchased',
  PRIMARY KEY (`houseid`)
) ENGINE=InnoDB AUTO_INCREMENT=3 DEFAULT CHARSET=utf8mb4 COLLATE=utf8mb4_general_ci;

-- A despejar dados para tabela vorpcore_6eba9b.bcchousing: ~1 rows (aproximadamente)
INSERT INTO `bcchousing` (`charidentifier`, `house_coords`, `house_radius_limit`, `houseid`, `furniture`, `doors`, `allowed_ids`, `invlimit`, `player_source_spawnedfurn`, `taxes_collected`, `ledger`, `tax_amount`, `tpInt`, `tpInstance`, `uniqueName`, `ownershipStatus`) VALUES
	('2', '{"x":-1724.4608154296876,"y":-87.06529235839844,"z":181.7274627685547}', '10', 2, 'none', '[25,25,25]', 'none', '500', 'none', 'false', 0, 250, 0, 0, 'none', 'purchased');

-- A despejar estrutura para tabela vorpcore_6eba9b.bcchousinghotels
CREATE TABLE IF NOT EXISTS `bcchousinghotels` (
  `charidentifier` varchar(50) NOT NULL,
  `hotels` longtext NOT NULL DEFAULT 'none',
  KEY `idx_charidentifier` (`charidentifier`)
) ENGINE=InnoDB DEFAULT CHARSET=utf8mb4 COLLATE=utf8mb4_general_ci;

-- A despejar dados para tabela vorpcore_6eba9b.bcchousinghotels: ~4 rows (aproximadamente)
INSERT INTO `bcchousinghotels` (`charidentifier`, `hotels`) VALUES
	('1', 'none'),
	('2', '[4,7]'),
	('4', '[7]'),
	('5', 'none');

-- A despejar estrutura para tabela vorpcore_6eba9b.bcchousing_transactions
CREATE TABLE IF NOT EXISTS `bcchousing_transactions` (
  `id` int(11) NOT NULL AUTO_INCREMENT,
  `houseid` int(11) NOT NULL,
  `identifier` varchar(50) NOT NULL,
  `amount` int(11) NOT NULL,
  PRIMARY KEY (`id`)
) ENGINE=InnoDB AUTO_INCREMENT=8 DEFAULT CHARSET=utf8mb4 COLLATE=utf8mb4_general_ci;

-- A despejar dados para tabela vorpcore_6eba9b.bcchousing_transactions: ~3 rows (aproximadamente)
INSERT INTO `bcchousing_transactions` (`id`, `houseid`, `identifier`, `amount`) VALUES
	(3, 2, '5', 1900),
	(5, 4, '2', 12500),
	(7, 1, '2', 2250);

-- A despejar estrutura para tabela vorpcore_6eba9b.bcc_carts
CREATE TABLE IF NOT EXISTS `bcc_carts` (
  `id` int(11) NOT NULL AUTO_INCREMENT,
  `char_id` int(11) NOT NULL,
  `model` varchar(50) NOT NULL,
  `name` varchar(100) NOT NULL,
  `cash_price` int(11) NOT NULL DEFAULT 0,
  `gold_price` int(11) NOT NULL DEFAULT 0,
  `inv_limit` int(11) NOT NULL DEFAULT 100,
  `is_spawned` tinyint(1) NOT NULL DEFAULT 0,
  `spawned_at` datetime DEFAULT NULL,
  `created_at` datetime NOT NULL DEFAULT current_timestamp(),
  `updated_at` datetime DEFAULT NULL ON UPDATE current_timestamp(),
  `deleted_at` datetime DEFAULT NULL,
  PRIMARY KEY (`id`),
  KEY `char_id` (`char_id`),
  KEY `model` (`model`),
  KEY `is_spawned` (`is_spawned`)
) ENGINE=InnoDB DEFAULT CHARSET=utf8mb4 COLLATE=utf8mb4_general_ci;

-- A despejar dados para tabela vorpcore_6eba9b.bcc_carts: ~0 rows (aproximadamente)

-- A despejar estrutura para tabela vorpcore_6eba9b.bcc_crafting_log
CREATE TABLE IF NOT EXISTS `bcc_crafting_log` (
  `id` int(11) NOT NULL AUTO_INCREMENT,
  `charidentifier` varchar(50) NOT NULL,
  `itemName` varchar(100) NOT NULL,
  `itemLabel` varchar(100) NOT NULL,
  `itemAmount` int(11) NOT NULL,
  `requiredItems` text NOT NULL,
  `timestamp` bigint(20) NOT NULL,
  `status` varchar(20) NOT NULL,
  `duration` int(11) NOT NULL,
  `rewardXP` int(11) NOT NULL,
  `completed_at` datetime DEFAULT NULL,
  `locationId` varchar(50) DEFAULT NULL,
  PRIMARY KEY (`id`)
) ENGINE=InnoDB DEFAULT CHARSET=utf8mb4 COLLATE=utf8mb4_general_ci;

-- A despejar dados para tabela vorpcore_6eba9b.bcc_crafting_log: ~0 rows (aproximadamente)

-- A despejar estrutura para tabela vorpcore_6eba9b.bcc_craft_progress
CREATE TABLE IF NOT EXISTS `bcc_craft_progress` (
  `charidentifier` varchar(50) NOT NULL,
  `currentXP` int(11) NOT NULL DEFAULT 0,
  `currentLevel` int(11) NOT NULL DEFAULT 1,
  `lastLevel` int(11) NOT NULL DEFAULT 1,
  PRIMARY KEY (`charidentifier`)
) ENGINE=InnoDB DEFAULT CHARSET=utf8mb4 COLLATE=utf8mb4_general_ci;

-- A despejar dados para tabela vorpcore_6eba9b.bcc_craft_progress: ~2 rows (aproximadamente)
INSERT INTO `bcc_craft_progress` (`charidentifier`, `currentXP`, `currentLevel`, `lastLevel`) VALUES
	('1', 0, 1, 1),
	('4', 0, 1, 1);

-- A despejar estrutura para tabela vorpcore_6eba9b.bcc_documents
CREATE TABLE IF NOT EXISTS `bcc_documents` (
  `identifier` varchar(50) NOT NULL,
  `charidentifier` varchar(50) NOT NULL,
  `doc_type` varchar(50) NOT NULL,
  `firstname` varchar(50) DEFAULT NULL,
  `lastname` varchar(50) DEFAULT NULL,
  `nickname` varchar(50) DEFAULT NULL,
  `job` varchar(50) DEFAULT NULL,
  `age` varchar(50) DEFAULT NULL,
  `gender` varchar(50) DEFAULT NULL,
  `date` varchar(50) NOT NULL,
  `picture` longtext DEFAULT NULL,
  `expire_date` varchar(50) DEFAULT NULL,
  PRIMARY KEY (`identifier`,`charidentifier`,`doc_type`)
) ENGINE=InnoDB DEFAULT CHARSET=utf8 COLLATE=utf8_general_ci;

-- A despejar dados para tabela vorpcore_6eba9b.bcc_documents: ~0 rows (aproximadamente)

-- A despejar estrutura para tabela vorpcore_6eba9b.bcc_ranch
CREATE TABLE IF NOT EXISTS `bcc_ranch` (
  `charidentifier` varchar(50) NOT NULL,
  `ranchcoords` longtext NOT NULL,
  `ranchname` varchar(100) NOT NULL,
  `ranch_radius_limit` varchar(100) NOT NULL,
  `ranchid` int(11) NOT NULL AUTO_INCREMENT,
  `ranchCondition` int(10) NOT NULL DEFAULT 0,
  `cows` varchar(50) NOT NULL DEFAULT 'false',
  `cows_cond` int(10) NOT NULL DEFAULT 0,
  `cows_age` int(10) NOT NULL DEFAULT 0,
  `cow_coords` longtext NOT NULL DEFAULT 'none',
  `pigs` varchar(50) NOT NULL DEFAULT 'false',
  `pigs_cond` int(10) NOT NULL DEFAULT 0,
  `pigs_age` int(10) NOT NULL DEFAULT 0,
  `pig_coords` longtext NOT NULL DEFAULT 'none',
  `chickens` varchar(50) NOT NULL DEFAULT 'false',
  `chickens_cond` int(10) NOT NULL DEFAULT 0,
  `chickens_age` int(10) NOT NULL DEFAULT 0,
  `chicken_coords` longtext NOT NULL DEFAULT 'none',
  `chicken_coop` varchar(50) NOT NULL DEFAULT 'false',
  `chicken_coop_coords` longtext NOT NULL DEFAULT 'none',
  `goats` varchar(50) NOT NULL DEFAULT 'false',
  `goats_cond` int(10) NOT NULL DEFAULT 0,
  `goats_age` int(10) NOT NULL DEFAULT 0,
  `goat_coords` longtext NOT NULL DEFAULT 'none',
  `sheeps` varchar(50) NOT NULL DEFAULT 'false',
  `sheeps_cond` int(10) NOT NULL DEFAULT 0,
  `sheeps_age` int(10) NOT NULL DEFAULT 0,
  `sheep_coords` longtext NOT NULL DEFAULT 'none',
  `herd_coords` longtext NOT NULL DEFAULT 'none',
  `feed_wagon_coords` longtext NOT NULL DEFAULT 'none',
  `shovel_hay_coords` longtext NOT NULL DEFAULT 'none',
  `water_animal_coords` longtext NOT NULL DEFAULT 'none',
  `repair_trough_coords` longtext NOT NULL DEFAULT 'none',
  `scoop_poop_coords` longtext NOT NULL DEFAULT 'none',
  `ledger` int(10) NOT NULL DEFAULT 0,
  `taxamount` int(10) NOT NULL DEFAULT 0,
  `taxes_collected` varchar(50) DEFAULT 'false',
  `is_any_animals_out` varchar(50) DEFAULT 'false',
  PRIMARY KEY (`ranchid`),
  UNIQUE KEY `charidentifier` (`charidentifier`)
) ENGINE=InnoDB AUTO_INCREMENT=2 DEFAULT CHARSET=utf8mb4 COLLATE=utf8mb4_general_ci;

-- A despejar dados para tabela vorpcore_6eba9b.bcc_ranch: ~1 rows (aproximadamente)
INSERT INTO `bcc_ranch` (`charidentifier`, `ranchcoords`, `ranchname`, `ranch_radius_limit`, `ranchid`, `ranchCondition`, `cows`, `cows_cond`, `cows_age`, `cow_coords`, `pigs`, `pigs_cond`, `pigs_age`, `pig_coords`, `chickens`, `chickens_cond`, `chickens_age`, `chicken_coords`, `chicken_coop`, `chicken_coop_coords`, `goats`, `goats_cond`, `goats_age`, `goat_coords`, `sheeps`, `sheeps_cond`, `sheeps_age`, `sheep_coords`, `herd_coords`, `feed_wagon_coords`, `shovel_hay_coords`, `water_animal_coords`, `repair_trough_coords`, `scoop_poop_coords`, `ledger`, `taxamount`, `taxes_collected`, `is_any_animals_out`) VALUES
	('1', '{"x":1412.9876708984376,"y":-871.5833740234375,"z":61.20331192016601}', 'Carrasco Ranch', '20', 1, 0, 'true', 50, 0, '{"x":1416.3116455078126,"y":-886.3690185546875,"z":60.70143127441406}', 'false', 0, 0, 'none', 'true', 0, 0, 'none', 'false', 'none', 'true', 0, 0, 'none', 'true', 0, 0, 'none', '{"x":1472.5775146484376,"y":-790.2505493164063,"z":50.97106170654297}', '{"x":1417.928466796875,"y":-870.5866088867188,"z":60.24790954589844}', '{"x":1417.1170654296876,"y":-862.3193359375,"z":60.60425186157226}', '{"x":1414.1898193359376,"y":-881.8314208984375,"z":60.83326721191406}', '{"x":1412.8477783203126,"y":-882.05859375,"z":61.12350082397461}', '{"x":1414.32421875,"y":-883.888916015625,"z":61.0836296081543}', 750, 1000, 'false', 'false');

-- A despejar estrutura para tabela vorpcore_6eba9b.bcc_shops
CREATE TABLE IF NOT EXISTS `bcc_shops` (
  `shop_id` int(11) NOT NULL AUTO_INCREMENT,
  `owner_id` int(30) DEFAULT NULL,
  `shop_name` varchar(255) NOT NULL,
  `shop_location` varchar(255) NOT NULL,
  `shop_type` varchar(20) NOT NULL,
  `webhook_link` varchar(255) NOT NULL DEFAULT 'none',
  `inv_limit` int(30) NOT NULL DEFAULT 0,
  `ledger` double(11,2) NOT NULL DEFAULT 0.00,
  `blip_hash` varchar(255) NOT NULL DEFAULT 'none',
  `is_npc_shop` tinyint(1) NOT NULL DEFAULT 0,
  `pos_x` double NOT NULL,
  `pos_y` double NOT NULL,
  `pos_z` double NOT NULL,
  `pos_heading` double NOT NULL,
  `npc_model` varchar(255) DEFAULT NULL,
  `show_blip` tinyint(1) DEFAULT 1,
  PRIMARY KEY (`shop_id`)
) ENGINE=InnoDB AUTO_INCREMENT=7 DEFAULT CHARSET=utf8mb4 COLLATE=utf8mb4_general_ci;

-- A despejar dados para tabela vorpcore_6eba9b.bcc_shops: ~3 rows (aproximadamente)
INSERT INTO `bcc_shops` (`shop_id`, `owner_id`, `shop_name`, `shop_location`, `shop_type`, `webhook_link`, `inv_limit`, `ledger`, `blip_hash`, `is_npc_shop`, `pos_x`, `pos_y`, `pos_z`, `pos_heading`, `npc_model`, `show_blip`) VALUES
	(1, NULL, 'Store', '1383.78, -1334.23, 78.12, H: 82.68', 'npc', '', 0, 0.00, '1475879922', 1, 1383.7825927734375, -1334.234619140625, 78.1212158203125, 82.68156433105469, 'u_m_m_valgenstoreowner_01', 1),
	(4, 1, 'Loja', 'player', 'player', 'none', 100, 0.00, '1475879922', 0, 1339.98388671875, -1374.9161376953125, 80.53062438964844, 293.8858947753906, 'u_m_m_valgenstoreowner_01', 1),
	(6, NULL, 'Loja de Caça', '-377.54, 725.70, 116.43, H: 344.69', 'npc', '', 0, 0.00, '1475879922', 1, -377.537841796875, 725.6993408203125, 116.43474578857422, 344.6856689453125, 'u_m_m_valgenstoreowner_01', 1);

-- A despejar estrutura para tabela vorpcore_6eba9b.bcc_shop_access
CREATE TABLE IF NOT EXISTS `bcc_shop_access` (
  `id` int(11) NOT NULL AUTO_INCREMENT,
  `shop_id` int(11) NOT NULL,
  `character_id` varchar(50) NOT NULL,
  PRIMARY KEY (`id`),
  KEY `shop_id` (`shop_id`),
  CONSTRAINT `bcc_shop_access_ibfk_1` FOREIGN KEY (`shop_id`) REFERENCES `bcc_shops` (`shop_id`) ON DELETE CASCADE
) ENGINE=InnoDB AUTO_INCREMENT=2 DEFAULT CHARSET=utf8mb4 COLLATE=utf8mb4_general_ci;

-- A despejar dados para tabela vorpcore_6eba9b.bcc_shop_access: ~0 rows (aproximadamente)

-- A despejar estrutura para tabela vorpcore_6eba9b.bcc_shop_categories
CREATE TABLE IF NOT EXISTS `bcc_shop_categories` (
  `id` int(11) NOT NULL AUTO_INCREMENT,
  `type` enum('item','weapon') NOT NULL,
  `name` varchar(64) NOT NULL,
  `label` varchar(64) DEFAULT NULL,
  PRIMARY KEY (`id`),
  UNIQUE KEY `type` (`type`,`name`)
) ENGINE=InnoDB AUTO_INCREMENT=23 DEFAULT CHARSET=utf8mb4 COLLATE=utf8mb4_general_ci;

-- A despejar dados para tabela vorpcore_6eba9b.bcc_shop_categories: ~22 rows (aproximadamente)
INSERT INTO `bcc_shop_categories` (`id`, `type`, `name`, `label`) VALUES
	(1, 'item', 'herbs', 'Herbs'),
	(2, 'item', 'oil', 'Oil'),
	(3, 'item', 'plants', 'Plants'),
	(4, 'item', 'water', 'Water'),
	(5, 'item', 'animals', 'Animals'),
	(6, 'item', 'materials', 'Materials'),
	(7, 'item', 'pastry', 'Pastry'),
	(8, 'item', 'horses_wagons', 'Horses & Wagons'),
	(9, 'item', 'antibiotice', 'Antibiotics'),
	(10, 'item', 'antidot', 'Antidote'),
	(11, 'item', 'default', 'Default'),
	(12, 'item', 'gardening', 'Gardening'),
	(13, 'item', 'medical', 'Medical'),
	(14, 'item', 'other', 'Other'),
	(15, 'item', 'stimulants', 'Stimulants'),
	(16, 'item', 'textile', 'Textile'),
	(17, 'weapon', 'melee', 'Melee Weapons'),
	(18, 'weapon', 'rifles', 'Rifles'),
	(19, 'weapon', 'shotguns', 'Shotguns'),
	(20, 'weapon', 'repeaters', 'Repeaters'),
	(21, 'weapon', 'pistols', 'Pistols'),
	(22, 'weapon', 'bows', 'Bows & Lassos');

-- A despejar estrutura para tabela vorpcore_6eba9b.bcc_shop_items
CREATE TABLE IF NOT EXISTS `bcc_shop_items` (
  `item_id` int(11) NOT NULL AUTO_INCREMENT,
  `shop_id` int(11) NOT NULL,
  `item_label` varchar(255) NOT NULL,
  `item_name` varchar(255) NOT NULL,
  `currency_type` varchar(50) NOT NULL,
  `buy_price` double NOT NULL,
  `sell_price` double NOT NULL,
  `level_required` int(11) NOT NULL,
  `is_weapon` tinyint(1) NOT NULL DEFAULT 0,
  `item_quantity` int(11) DEFAULT 0,
  `buy_quantity` int(11) DEFAULT 0,
  `sell_quantity` int(11) DEFAULT 0,
  `category_id` int(11) DEFAULT NULL,
  PRIMARY KEY (`item_id`),
  KEY `shop_id` (`shop_id`),
  KEY `fk_item_category` (`category_id`),
  CONSTRAINT `fk_item_category` FOREIGN KEY (`category_id`) REFERENCES `bcc_shop_categories` (`id`)
) ENGINE=InnoDB AUTO_INCREMENT=14 DEFAULT CHARSET=utf8mb4 COLLATE=utf8mb4_general_ci;

-- A despejar dados para tabela vorpcore_6eba9b.bcc_shop_items: ~7 rows (aproximadamente)
INSERT INTO `bcc_shop_items` (`item_id`, `shop_id`, `item_label`, `item_name`, `currency_type`, `buy_price`, `sell_price`, `level_required`, `is_weapon`, `item_quantity`, `buy_quantity`, `sell_quantity`, `category_id`) VALUES
	(1, 1, 'Water', 'water', 'cash', 1, 2, 0, 0, 0, 24, 25, 6),
	(8, 6, 'Arco', 'WEAPON_BOW', 'cash', 10, 1, 0, 0, 0, 20, 20, 11),
	(9, 6, 'Faca', 'WEAPON_MELEE_KNIFE', 'cash', 10, 1, 0, 0, 0, 10, 10, 11),
	(10, 6, 'Laço', 'WEAPON_LASSO', 'cash', 10, 1, 0, 0, 0, 10, 10, 11),
	(11, 6, 'Binoculos', 'WEAPON_kIT_BINOCULARS', 'cash', 10, 1, 0, 0, 0, 10, 10, 11),
	(12, 6, 'Cana de pesca', 'WEAPON_FISHINGROD', 'cash', 10, 1, 0, 0, 0, 10, 10, 11),
	(13, 6, 'Lanterna', 'WEAPON_MELEE_LANTERN', 'cash', 10, 1, 0, 0, 0, 10, 10, 11);

-- A despejar estrutura para tabela vorpcore_6eba9b.bcc_shop_weapon_items
CREATE TABLE IF NOT EXISTS `bcc_shop_weapon_items` (
  `weapon_id` int(30) NOT NULL AUTO_INCREMENT,
  `shop_id` int(30) NOT NULL,
  `weapon_name` varchar(255) NOT NULL,
  `weapon_label` varchar(255) NOT NULL,
  `buy_price` double(11,2) NOT NULL,
  `sell_price` double(11,2) NOT NULL,
  `currency_type` varchar(50) NOT NULL,
  `level_required` int(11) NOT NULL,
  `item_quantity` int(11) DEFAULT 0,
  `buy_quantity` int(11) DEFAULT 0,
  `sell_quantity` int(11) DEFAULT 0,
  `custom_desc` varchar(255) DEFAULT NULL,
  `weapon_info` longtext NOT NULL,
  `category_id` int(11) DEFAULT NULL,
  PRIMARY KEY (`weapon_id`),
  KEY `shop_id` (`shop_id`),
  KEY `fk_weapon_category` (`category_id`),
  CONSTRAINT `bcc_shop_weapon_items_ibfk_1` FOREIGN KEY (`shop_id`) REFERENCES `bcc_shops` (`shop_id`) ON DELETE CASCADE,
  CONSTRAINT `fk_weapon_category` FOREIGN KEY (`category_id`) REFERENCES `bcc_shop_categories` (`id`)
) ENGINE=InnoDB DEFAULT CHARSET=utf8mb4 COLLATE=utf8mb4_general_ci;

-- A despejar dados para tabela vorpcore_6eba9b.bcc_shop_weapon_items: ~0 rows (aproximadamente)

-- A despejar estrutura para tabela vorpcore_6eba9b.boats
CREATE TABLE IF NOT EXISTS `boats` (
  `id` int(11) NOT NULL AUTO_INCREMENT,
  `identifier` varchar(50) NOT NULL,
  `charid` int(11) NOT NULL,
  `name` varchar(100) NOT NULL,
  `model` varchar(100) NOT NULL,
  `fuel` int(11) DEFAULT NULL,
  `condition` int(11) DEFAULT NULL,
  PRIMARY KEY (`id`)
) ENGINE=InnoDB AUTO_INCREMENT=7 DEFAULT CHARSET=utf8mb4 COLLATE=utf8mb4_general_ci;

-- A despejar dados para tabela vorpcore_6eba9b.boats: ~4 rows (aproximadamente)
INSERT INTO `boats` (`id`, `identifier`, `charid`, `name`, `model`, `fuel`, `condition`) VALUES
	(2, 'steam:110000108c373d0', 2, 'chamira', 'ship_nbdGuama', 0, 98),
	(4, 'steam:11000010b4f2650', 4, 'aaa', 'pirogue2', 100, 100),
	(5, 'steam:11000010b4f2650', 4, 'awdada', 'boatsteam02x', 0, 41),
	(6, 'steam:11000014b113bd0', 1, 'miguelito', 'tugboat2', 96, 33);

-- A despejar estrutura para tabela vorpcore_6eba9b.characters
CREATE TABLE IF NOT EXISTS `characters` (
  `identifier` varchar(50) NOT NULL DEFAULT '',
  `steamname` varchar(50) NOT NULL DEFAULT '',
  `charidentifier` int(11) NOT NULL AUTO_INCREMENT,
  `group` varchar(10) DEFAULT 'user',
  `money` double(11,2) DEFAULT 0.00,
  `gold` double(11,2) DEFAULT 0.00,
  `rol` double(11,2) NOT NULL DEFAULT 0.00,
  `xp` int(11) DEFAULT 0,
  `healthouter` int(4) DEFAULT 500,
  `healthinner` int(4) DEFAULT 100,
  `staminaouter` int(4) DEFAULT 100,
  `staminainner` int(4) DEFAULT 100,
  `hours` float NOT NULL DEFAULT 0,
  `LastLogin` date DEFAULT NULL,
  `inventory` longtext DEFAULT NULL,
  `slots` decimal(50,0) NOT NULL DEFAULT 400,
  `job` varchar(50) DEFAULT 'unemployed',
  `joblabel` varchar(255) DEFAULT 'Unemployed',
  `meta` varchar(255) NOT NULL DEFAULT '{}',
  `firstname` varchar(50) DEFAULT ' ',
  `lastname` varchar(50) DEFAULT ' ',
  `character_desc` mediumtext NOT NULL DEFAULT ' ',
  `gender` varchar(50) NOT NULL DEFAULT ' ',
  `age` int(11) NOT NULL DEFAULT 0,
  `nickname` varchar(50) DEFAULT ' ',
  `skinPlayer` longtext DEFAULT NULL,
  `compPlayer` longtext DEFAULT NULL,
  `compTints` longtext DEFAULT NULL,
  `jobgrade` int(11) DEFAULT 0,
  `coords` longtext DEFAULT '{}',
  `status` varchar(140) DEFAULT '{}',
  `isdead` tinyint(1) DEFAULT 0,
  `skills` longtext DEFAULT NULL,
  `walk` varchar(50) DEFAULT 'noanim',
  `gunsmith` double(11,2) DEFAULT 0.00,
  `ammo` longtext DEFAULT '{}',
  `discordid` varchar(255) DEFAULT '0',
  `lastjoined` longtext DEFAULT '[]',
  `thirst` int(11) NOT NULL DEFAULT 2000,
  `hunger` int(11) NOT NULL DEFAULT 2000,
  `bleed` int(11) NOT NULL DEFAULT 0,
  `ranchid` int(10) DEFAULT 0,
  UNIQUE KEY `identifier_charidentifier` (`identifier`,`charidentifier`) USING BTREE,
  KEY `charidentifier` (`charidentifier`) USING BTREE,
  KEY `identifier` (`identifier`),
  KEY `compPlayer` (`compPlayer`(768)),
  KEY `inventory` (`inventory`(768)),
  KEY `coords` (`coords`(768)),
  KEY `money` (`money`),
  KEY `meta` (`meta`),
  KEY `steamname` (`steamname`),
  CONSTRAINT `FK_characters_users` FOREIGN KEY (`identifier`) REFERENCES `users` (`identifier`) ON DELETE CASCADE ON UPDATE CASCADE
) ENGINE=InnoDB AUTO_INCREMENT=6 DEFAULT CHARSET=utf8mb4 COLLATE=utf8mb4_bin ROW_FORMAT=DYNAMIC;

-- A despejar dados para tabela vorpcore_6eba9b.characters: ~5 rows (aproximadamente)
INSERT INTO `characters` (`identifier`, `steamname`, `charidentifier`, `group`, `money`, `gold`, `rol`, `xp`, `healthouter`, `healthinner`, `staminaouter`, `staminainner`, `hours`, `LastLogin`, `inventory`, `slots`, `job`, `joblabel`, `meta`, `firstname`, `lastname`, `character_desc`, `gender`, `age`, `nickname`, `skinPlayer`, `compPlayer`, `compTints`, `jobgrade`, `coords`, `status`, `isdead`, `skills`, `walk`, `gunsmith`, `ammo`, `discordid`, `lastjoined`, `thirst`, `hunger`, `bleed`, `ranchid`) VALUES
	('steam:110000108c373d0', 'Krs1', 2, 'user', 0.00, 52.00, 429.00, 272, 500, 100, 500, 100, 0, '2025-07-19', '{}', 400, 'ferreiro', '', '{}', 'Xamiro', 'Mestre', 'Xamã do tiro', 'Male', 49, 'Xamiro', '{"EyeBrowD":0.0,"acne_visibility":0,"MouthCLD":0.0,"LLiphD":0.0,"spots_tx_id":0,"CheekBonesW":0.0,"ChinW":0.0,"WaistW":0.0,"disc_tx_id":0,"beardstabble_opacity":0.0,"MouthW":0.0,"NeckW":0.0,"ageing_visibility":1,"ageing_opacity":0.1,"lipsticks_palette_color_primary":0,"EarsA":0.0,"eyeliner_color_primary":0,"EarsW":0.0,"freckles_opacity":0,"foundation_visibility":0,"HeadType":-1598141829,"scars_tx_id":3,"Torso":0,"scars_visibility":1,"eyebrows_visibility":1,"EyeH":0.0,"paintedmasks_palette_id":0,"LegsS":0.0,"ArmsS":0.0,"paintedmasks_opacity":0,"EyeLidR":0.0,"FaceW":0.0,"hair_visibility":1,"HeadSize":0.0,"MouthCLW":0.0,"complex_visibility":0,"EyeLidH":0.0,"NoseS":0.0,"freckles_visibility":0,"JawH":0.0,"ShouldersS":0.0,"Scale":1.0,"NoseH":0.0,"ULiphW":0.0,"eyeliner_visibility":0,"blush_tx_id":0,"LLiphW":0.0,"lipsticks_palette_color_secondary":0,"shadows_palette_color_tertiary":0,"JawW":0.0,"moles_opacity":1.0,"ULiphD":0.0,"lipsticks_opacity":0,"ShouldersT":0.0,"eyebrows_tx_id":7,"BodyType":-162963160,"acne_tx_id":0,"FaceD":0.0,"JawD":0.0,"beardstabble_visibility":0,"NeckD":0.0,"FaceS":0.0,"foundation_palette_color_primary":0,"NoseW":0.0,"foundation_opacity":0,"LegsType":174153218,"hair_tx_id":1,"lipsticks_visibility":0,"CheekBonesH":0.0,"MouthCRLD":0.0,"MouthX":0.0,"Body":-1241887289,"lipsticks_tx_id":0,"MouthCRW":0.0,"blush_palette_color_primary":0,"EyeLidW":0.0,"moles_tx_id":8,"paintedmasks_visibility":0,"Eyes":-1229781608,"beardstabble_tx_id":0,"spots_opacity":0,"NoseC":0.0,"shadows_visibility":0,"NoseDis":0.0,"EyeBrowH":0.0,"scars_opacity":0.4,"eyeliner_opacity":0,"shadows_tx_id":0,"EyeD":0.0,"foundation_tx_id":0,"grime_opacity":0,"eyeliner_palette_id":0,"EyeDis":0.0,"paintedmasks_tx_id":0,"lipsticks_palette_id":0,"foundation_palette_color_secondary":0,"albedo":317354806,"EarsD":0.0,"blush_visibility":0,"grime_visibility":0,"ChestS":0.0,"shadows_palette_id":0,"foundation_palette_color_tertiary":0,"freckles_tx_id":0,"EyeBrowW":0.0,"Waist":0,"ChinD":0.0,"grime_tx_id":0,"MouthCLH":0.0,"shadows_palette_color_primary":0,"ChinH":0.0,"NoseAng":0.0,"MouthCRH":0.0,"sex":"mp_male","moles_visibility":1,"paintedmasks_palette_color_secondary":0,"blush_palette_id":0,"HipsS":0.0,"Beard":59227358,"lipsticks_palette_color_tertiary":0,"eyebrows_color":1064202495,"ULiphH":0.0,"MouthY":0.0,"foundation_palette_id":0,"disc_opacity":0,"CheekBonesD":0.0,"ShouldersM":0.0,"hair_opacity":1.0,"LLiphH":0.0,"ageing_tx_id":1,"Hair":3945400824,"MouthD":0.0,"shadows_opacity":0,"MouthCRD":0.0,"paintedmasks_palette_color_tertiary":0,"eyeliner_tx_id":0,"disc_visibility":0,"beardstabble_color_primary":0,"CalvesS":0.0,"blush_opacity":0,"EyeLidL":0.0,"MouthCLLD":0.0,"complex_tx_id":0,"eyebrows_opacity":1.0,"acne_opacity":0,"shadows_palette_color_secondary":0,"complex_opacity":0,"spots_visibility":0,"paintedmasks_palette_color_primary":0,"hair_color_primary":0,"EarsH":0.0,"EyeAng":0.0}', '{"RingRh":-831098605,"Chap":-1,"Pant":1738549663,"Loadouts":-1,"Suspender":-1,"Satchels":-1,"Accessories":-1,"Belt":-1,"Skirt":-1,"NeckWear":791032583,"Buckle":-1,"Gunbelt":-499572842,"Spats":-1,"Vest":354805386,"Mask":-1,"NeckTies":-1,"Coat":1972811358,"Boots":-1963123644,"Poncho":-1,"CoatClosed":-1,"Hat":1801643461,"Bow":-1,"EyeWear":-451643430,"Cloak":365661718,"Shirt":-1803922127,"Armor":-1,"Spurs":-834860161,"Glove":2025391138,"GunbeltAccs":-1,"Holster":1858275734,"RingLh":-382699870,"Dress":-1,"Badge":-1,"Gauntlets":-1,"Teeth":1629650936,"Bracelet":-1}', '{"RingRh":{"-831098605":{"color":0,"tint1":45,"tint2":19,"index":2,"tint0":16,"palette":1090645383}},"Vest":{"354805386":{"index":3,"tint1":21,"tint2":21,"color":9,"tint0":21,"palette":-1436165981}},"Pant":{"1738549663":{"color":0,"tint1":21,"tint2":15,"index":16,"tint0":21,"palette":1090645383}},"Accessories":[],"NeckTies":[],"Hat":{"1801643461":{"index":27,"tint1":41,"tint2":44,"color":2,"tint0":1,"palette":-783849117}},"Cloak":{"365661718":{"index":2,"tint1":21,"tint2":21,"color":1,"tint0":80,"palette":1090645383}},"Shirt":{"-1803922127":{"index":27,"tint1":20,"tint2":21,"color":2,"tint0":21,"palette":1090645383}},"NeckWear":{"791032583":{"color":0,"tint1":20,"tint2":37,"index":4,"tint0":21,"palette":-113397560}},"Spurs":{"-834860161":{"color":0,"tint1":30,"tint2":30,"index":14,"tint0":254,"palette":864404955}},"Boots":{"-1963123644":{"index":5,"tint1":0,"tint2":1,"color":10,"tint0":0,"palette":-783849117}},"RingLh":{"-382699870":{"index":2,"tint1":75,"tint2":75,"color":4,"tint0":75,"palette":-183908539}},"Holster":{"1858275734":{"index":15,"tint1":66,"tint2":8,"color":1,"tint0":1,"palette":-183908539}},"Gunbelt":{"-499572842":{"index":6,"tint1":1,"tint2":58,"color":1,"tint0":1,"palette":-783849117}},"EyeWear":{"-451643430":{"index":9,"tint1":60,"tint2":49,"color":11,"tint0":61,"palette":1090645383}},"Coat":{"1972811358":{"index":22,"tint1":35,"tint2":155,"color":4,"tint0":254,"palette":1090645383}},"Glove":{"2025391138":{"index":13,"tint1":40,"tint2":79,"color":3,"tint0":21,"palette":-1543234321}}}', 1, '{"heading":252.28346252441407,"z":157.5406494140625,"y":-523.7538452148438,"x":-1781.9208984375}', '{"Metabolism":-10000,"Thirst":4,"Hunger":492}', 0, '{"Mining":{"NextLevel":100,"Exp":0,"Label":"Beginner","Level":1,"MaxLevel":5},"Crafting":{"NextLevel":100,"Exp":0,"Label":"Beginner","Level":1,"MaxLevel":5},"Hunting":{"NextLevel":100,"Exp":0,"Label":"Beginner","Level":1,"MaxLevel":5},"Fishing":{"NextLevel":100,"Exp":0,"Label":"Beginner","Level":1,"MaxLevel":5}}', 'MP_Style_EasyRider', 0.00, '{"AMMO_SHOTGUN_SLUG":200,"AMMO_PISTOL_EXPRESS":200,"AMMO_RIFLE_EXPRESS":100,"AMMO_SHOTGUN":10,"AMMO_RIFLE_SPLIT_POINT":50,"AMMO_RIFLE_HIGH_VELOCITY":100,"AMMO_ARROW_SMALL_GAME":40,"AMMO_BOLAS":3,"AMMO_ARROW":40,"AMMO_REVOLVER":195,"AMMO_TOMAHAWK":3,"AMMO_REPEATER":139,"AMMO_PISTOL":200,"AMMO_REVOLVER_EXPRESS":184,"AMMO_REPEATER_SPLIT_POINT":100,"AMMO_PISTOL_SPLIT_POINT":100,"AMMO_PISTOL_HIGH_VELOCITY":200,"AMMO_RIFLE":100,"AMMO_REPEATER_HIGH_VELOCITY":200,"AMMO_22":100,"AMMO_REPEATER_EXPRESS":91,"AMMO_REVOLVER_HIGH_VELOCITY":171,"AMMO_THROWING_KNIVES":3,"AMMO_REVOLVER_SPLIT_POINT":100}', '291675293381296132', '[]', 2000, 2000, 0, 1),
	('steam:11000010b17d982', 'Musamba -> N1', 5, 'user', 894155.38, 47.00, 335.00, 0, 500, 100, 500, 100, 0, '2025-07-18', '{}', 35, 'unemployed', 'Unemployed', '{}', 'Musamba', 'Dionizio', 'Vou roubar tudo!', 'Male', 36, 'none', '{"MouthCLH":0.0,"NoseW":0.0,"eyebrows_color":1734720533,"EyeBrowH":0.0,"eyebrows_opacity":1.0,"spots_visibility":0,"ULiphH":0.0,"EarsH":0.0,"foundation_palette_id":0,"HeadType":-898782226,"NoseS":0.0,"ChestS":0.0,"ageing_opacity":0.7,"freckles_opacity":0,"complex_tx_id":0,"moles_opacity":0,"lipsticks_palette_color_secondary":0,"lipsticks_palette_color_primary":0,"grime_visibility":0,"disc_visibility":0,"NeckW":0.0,"blush_palette_color_primary":0,"Body":-369348190,"LegsS":0.0,"ShouldersT":0.0,"complex_opacity":0,"MouthW":0.0,"MouthCLD":0.0,"EyeAng":0.0,"JawW":0.0,"shadows_palette_id":0,"paintedmasks_palette_color_tertiary":0,"CalvesS":0.0,"Hair":2216002083,"FaceD":0.0,"CheekBonesH":0.0,"sex":"mp_male","EyeBrowW":0.0,"EyeH":0.0,"MouthX":0.0,"EyeLidH":0.0,"NeckD":0.0,"WaistW":0.0,"MouthD":0.0,"paintedmasks_opacity":0,"EyeLidR":0.0,"MouthCLW":0.0,"paintedmasks_palette_color_secondary":0,"MouthCLLD":0.0,"Eyes":-2099894853,"EyeDis":0.0,"blush_palette_id":0,"ageing_tx_id":8,"disc_tx_id":0,"foundation_palette_color_secondary":0,"CheekBonesD":0.0,"MouthCRD":0.0,"JawH":0.0,"HipsS":0.0,"foundation_visibility":0,"hair_color_primary":0,"EyeBrowD":0.0,"ChinD":0.0,"MouthY":0.0,"ULiphW":0.0,"Waist":-325933489,"scars_tx_id":0,"MouthCRW":0.0,"BodyType":383947425,"JawD":0.0,"EarsA":0.0,"eyeliner_tx_id":0,"EyeLidW":0.0,"paintedmasks_tx_id":0,"spots_tx_id":0,"NoseAng":0.0,"ArmsS":0.0,"Legs":1957643589,"paintedmasks_palette_color_primary":0,"EarsW":0.0,"grime_tx_id":0,"EyeLidL":0.0,"albedo":317354806,"paintedmasks_palette_id":0,"eyeliner_visibility":0,"lipsticks_palette_color_tertiary":0,"foundation_opacity":0,"foundation_palette_color_tertiary":0,"foundation_palette_color_primary":0,"foundation_tx_id":0,"moles_visibility":0,"MouthCRLD":0.0,"hair_opacity":0,"scars_opacity":0,"ShouldersM":0.0,"lipsticks_opacity":0,"shadows_opacity":0,"hair_tx_id":0,"FaceW":0.0,"shadows_tx_id":0,"NoseC":0.0,"blush_opacity":0,"scars_visibility":0,"Beard":3169600415,"blush_visibility":0,"complex_visibility":0,"eyeliner_palette_id":0,"EyeD":0.0,"eyeliner_opacity":0,"eyeliner_color_primary":0,"shadows_palette_color_primary":0,"blush_tx_id":0,"beardstabble_visibility":0,"EarsD":0.0,"LegsType":1957643589,"shadows_visibility":0,"shadows_palette_color_tertiary":0,"shadows_palette_color_secondary":0,"beardstabble_opacity":0,"beardstabble_tx_id":0,"hair_visibility":0,"freckles_tx_id":0,"paintedmasks_visibility":0,"lipsticks_palette_id":0,"lipsticks_tx_id":0,"lipsticks_visibility":0,"Torso":383947425,"NoseDis":0.0,"Scale":1.05,"moles_tx_id":0,"freckles_visibility":0,"ageing_visibility":1,"acne_opacity":0,"acne_tx_id":0,"acne_visibility":0,"disc_opacity":0,"spots_opacity":0,"ChinW":0.0,"eyebrows_tx_id":2,"ShouldersS":0.0,"FaceS":0.0,"eyebrows_visibility":1,"grime_opacity":0,"beardstabble_color_primary":0,"ChinH":0.0,"LLiphD":0.0,"LLiphW":0.0,"LLiphH":0.0,"ULiphD":0.0,"CheekBonesW":0.0,"NoseH":0.0,"HeadSize":0.0,"MouthCRH":0.0}', '{"Loadouts":-1,"Skirt":-1,"NeckWear":-280108583,"NeckTies":-1,"Boots":470514395,"Dress":-1,"Chap":-1,"Vest":-1,"Glove":1400381664,"Spats":-1,"Spurs":-1,"RingLh":-1,"Mask":-1,"RingRh":-1,"Gauntlets":-1,"Belt":-1,"Shirt":-1178521254,"Pant":-1685777234,"Armor":-1,"Poncho":-1,"Satchels":-1,"GunbeltAccs":-1,"Bracelet":-1,"Accessories":-1,"Bow":-1,"Teeth":712446626,"Gunbelt":-1844026044,"CoatClosed":-1,"EyeWear":286982018,"Holster":-1,"Hat":-988200110,"Coat":1696062810,"Buckle":-1,"Suspender":-1,"Cloak":-1,"Badge":-1}', '{"Vest":[],"Glove":{"1400381664":{"index":27,"tint1":25,"palette":-783849117,"color":0,"tint2":17,"tint0":15}},"Spats":[],"Shirt":{"-1178521254":{"index":24,"tint1":28,"palette":-783849117,"color":0,"tint2":0,"tint0":0}},"NeckWear":{"-280108583":{"index":3,"tint1":17,"palette":-113397560,"color":0,"tint2":39,"tint0":21}},"Pant":{"-1685777234":{"index":24,"tint1":30,"palette":-783849117,"color":0,"tint2":61,"tint0":14}},"Boots":{"470514395":{"index":2,"tint1":21,"palette":1669565057,"color":0,"tint2":50,"tint0":21}},"Holster":[],"Hat":{"-988200110":{"index":70,"tint1":21,"palette":-1543234321,"color":0,"tint2":8,"tint0":135}},"Coat":{"1696062810":{"index":2,"tint1":115,"palette":-783849117,"color":0,"tint2":129,"tint0":0}},"Poncho":[],"Gunbelt":{"-1844026044":{"index":17,"tint1":66,"palette":-183908539,"color":0,"tint2":12,"tint0":0}},"EyeWear":{"286982018":{"index":10,"tint1":4,"palette":-783849117,"color":0,"tint2":1,"tint0":3}}}', 0, '{"heading":31.18110275268554,"z":42.6922607421875,"y":-3500.4658203125,"x":-4214.7294921875}', '{"Metabolism":-7798,"Hunger":44,"Thirst":0}', 0, '{"Crafting":{"Exp":0,"Level":1,"Label":"Beginner","NextLevel":100,"MaxLevel":5},"Hunting":{"Exp":0,"Level":1,"Label":"Beginner","NextLevel":100,"MaxLevel":5},"Mining":{"Exp":0,"Level":1,"Label":"Beginner","NextLevel":100,"MaxLevel":5},"Fishing":{"Exp":0,"Level":1,"Label":"Beginner","NextLevel":100,"MaxLevel":5}}', 'noanim', 0.00, '{"AMMO_SHOTGUN_SLUG":21,"AMMO_RIFLE_SPLIT_POINT":26,"AMMO_REVOLVER":0,"AMMO_REVOLVER_SPLIT_POINT":54}', '698567654847414293', '[]', 2000, 2000, 0, 0),
	('steam:11000010b4f2650', 'marciiu', 4, 'user', 999999999.99, 6.00, 48.00, 2, 500, 100, 500, 100, 0, '2025-07-18', '{}', 400, 'unemployed', 'Unemployed', '{}', 'gregorio', 'snake', 'none', 'Male', 45, 'snake', '{"ageing_tx_id":20,"foundation_visibility":0,"lipsticks_visibility":0,"MouthCLH":0.0,"CheekBonesD":0.0,"scars_visibility":0,"grime_visibility":0,"CheekBonesH":0.0,"blush_palette_color_primary":0,"paintedmasks_palette_id":0,"Torso":-162963160,"eyebrows_visibility":1,"beardstabble_visibility":1,"foundation_palette_color_primary":0,"lipsticks_tx_id":0,"foundation_tx_id":0,"WaistW":0.0,"moles_opacity":0,"complex_visibility":0,"CheekBonesW":0.0,"EyeLidR":0.0,"spots_visibility":0,"shadows_tx_id":0,"eyeliner_tx_id":0,"ChestS":0.0,"acne_visibility":0,"blush_tx_id":0,"eyeliner_visibility":0,"moles_tx_id":0,"disc_opacity":0,"hair_color_primary":0,"paintedmasks_opacity":0,"BodyType":-162963160,"freckles_tx_id":0,"ShouldersT":0.0,"Waist":-1745814259,"acne_opacity":0,"beardstabble_color_primary":0,"NoseW":0.0,"EarsD":0.0,"paintedmasks_visibility":0,"MouthCLW":0.0,"EyeLidL":0.0,"paintedmasks_tx_id":0,"EyeBrowW":0.0,"shadows_palette_color_secondary":0,"MouthCRLD":0.0,"foundation_palette_color_secondary":0,"eyebrows_opacity":1.0,"acne_tx_id":0,"EyeBrowD":0.0,"paintedmasks_palette_color_secondary":0,"complex_tx_id":0,"ChinW":0.0,"Hair":3925546859,"HeadSize":0.0,"freckles_opacity":0,"LegsS":0.0,"ChinD":0.0,"MouthCLLD":0.0,"shadows_palette_color_tertiary":0,"grime_opacity":0,"ShouldersM":0.0,"foundation_palette_color_tertiary":0,"freckles_visibility":0,"eyebrows_tx_id":23,"NoseDis":0.0,"EyeDis":0.0,"LLiphW":0.0,"NoseC":0.0,"NeckW":0.0,"HeadType":-251978256,"sex":"mp_male","NeckD":0.0,"MouthCLD":0.0,"JawH":0.0,"lipsticks_palette_color_primary":0,"eyebrows_color":-1952348042,"MouthCRW":0.0,"ageing_opacity":0,"beardstabble_opacity":0,"hair_opacity":0,"blush_opacity":0,"lipsticks_palette_id":0,"lipsticks_opacity":0,"CalvesS":0.0,"blush_palette_id":0,"MouthCRH":0.0,"disc_visibility":0,"EarsA":0.0,"MouthD":0.0,"ShouldersS":0.0,"MouthCRD":0.0,"MouthY":0.0,"ULiphH":0.0,"albedo":317354806,"Scale":0.95,"Beard":1676545681,"scars_opacity":0,"foundation_palette_id":0,"spots_tx_id":0,"shadows_visibility":0,"MouthW":0.0,"scars_tx_id":0,"complex_opacity":0,"hair_tx_id":0,"ChinH":0.0,"EyeAng":0.0,"beardstabble_tx_id":0,"LLiphH":0.0,"paintedmasks_palette_color_tertiary":0,"lipsticks_palette_color_secondary":0,"NoseH":0.0,"spots_opacity":0,"foundation_opacity":0,"EyeH":0.0,"eyeliner_opacity":0,"JawW":0.0,"shadows_palette_id":0,"FaceW":0.0,"FaceD":0.0,"HipsS":0.0,"paintedmasks_palette_color_primary":0,"moles_visibility":0,"blush_visibility":0,"shadows_opacity":0,"MouthX":0.0,"hair_visibility":0,"LegsType":174153218,"grime_tx_id":0,"NoseAng":0.0,"LLiphD":0.0,"lipsticks_palette_color_tertiary":0,"FaceS":0.0,"NoseS":0.0,"JawD":0.0,"Eyes":-1555079471,"EarsH":0.0,"ULiphD":0.0,"Legs":174153218,"eyeliner_palette_id":0,"eyeliner_color_primary":0,"Body":61606861,"disc_tx_id":0,"EyeD":0.0,"ArmsS":0.0,"EyeLidH":0.0,"shadows_palette_color_primary":0,"EyeBrowH":0.0,"ULiphW":0.0,"ageing_visibility":0,"EarsW":0.0,"EyeLidW":0.0}', '{"Satchels":-1,"Spats":-1,"Dress":-1,"Gauntlets":-1,"NeckWear":-1,"Skirt":-1,"Bow":-1,"Mask":-1,"Accessories":106536658,"Coat":-1,"Pant":706013391,"Belt":-1,"Teeth":712446626,"EyeWear":-1,"Loadouts":-1,"Shirt":-1350481552,"Gunbelt":-488310996,"Boots":-1857451590,"Cloak":-1,"Vest":-1,"Buckle":-1,"RingLh":-1,"Spurs":-1,"Badge":-1,"Holster":-1,"RingRh":-1,"NeckTies":-1,"Chap":-1,"Poncho":-1,"Bracelet":-1,"CoatClosed":-1,"Suspender":-1,"Armor":-1,"Hat":1923292621,"Glove":-1,"GunbeltAccs":-1}', '{"Shirt":{"-1350481552":{"color":6,"tint0":228,"tint1":232,"index":5,"tint2":254,"palette":-1436165981}},"Gunbelt":{"-488310996":{"color":4,"tint0":40,"tint1":89,"index":5,"tint2":116,"palette":-783849117}},"Accessories":{"106536658":{"color":0,"tint0":15,"tint1":90,"index":1,"tint2":210,"palette":-183908539}},"Gauntlets":[],"NeckWear":[],"Pant":{"706013391":{"color":3,"tint0":123,"tint1":49,"index":15,"tint2":21,"palette":-113397560}},"Buckle":[],"Hat":{"1923292621":{"color":7,"tint0":74,"tint1":123,"index":4,"tint2":255,"palette":-1952348042}},"Boots":{"-1857451590":{"color":2,"tint0":64,"tint1":65,"index":31,"tint2":3,"palette":-183908539}}}', 0, '{"heading":167.24407958984376,"z":118.4996337890625,"y":781.6087646484375,"x":-296.5186767578125}', '{"Thirst":954,"Metabolism":-10000,"Hunger":976}', 0, '{"Crafting":{"Exp":0,"Level":1,"Label":"Beginner","NextLevel":100,"MaxLevel":5},"Hunting":{"Exp":0,"Level":1,"Label":"Beginner","NextLevel":100,"MaxLevel":5},"Mining":{"Exp":0,"Level":1,"Label":"Beginner","NextLevel":100,"MaxLevel":5},"Fishing":{"Exp":0,"Level":1,"Label":"Beginner","NextLevel":100,"MaxLevel":5}}', 'noanim', 0.00, '{"AMMO_RIFLE_SPLIT_POINT":7,"AMMO_SHOTGUN_SLUG":38,"AMMO_RIFLE":68,"AMMO_BOLAS":3,"AMMO_REPEATER_SPLIT_POINT":100,"AMMO_REVOLVER_SPLIT_POINT":82,"AMMO_PISTOL_SPLIT_POINT":100}', '696116484677828629', '[]', 2000, 2000, 1, 1),
	('steam:11000014b113bd0', 'Rafa_Oliveira', 1, 'admin', 5621780.00, 86.00, 837.00, 411, 500, 100, 500, 100, 0, '2025-07-20', '{}', 400, 'BWPolice', '', '{}', 'Sr', 'Carrasco', 'none', 'Male', 25, 'none', '{"HeadType":-1760611319,"EyeDis":0.0,"eyebrows_visibility":1,"foundation_opacity":0,"ChinW":0.0,"MouthCLD":0.0,"beardstabble_opacity":0,"NoseDis":0.0,"MouthCLW":0.0,"shadows_palette_color_primary":0,"spots_visibility":0,"freckles_visibility":0,"WaistW":0.0,"complex_visibility":0,"paintedmasks_visibility":0,"MouthY":0.0,"FaceD":0.0,"beardstabble_color_primary":0,"paintedmasks_opacity":0,"EyeD":0.0,"foundation_palette_color_tertiary":0,"ArmsS":0.0,"shadows_tx_id":0,"Body":32611963,"EyeH":0.0,"grime_visibility":0,"eyeliner_tx_id":0,"Eyes":-1793635779,"moles_tx_id":0,"ShouldersM":0.0,"FaceS":0.0,"EyeLidW":0.0,"lipsticks_tx_id":0,"blush_palette_color_primary":0,"foundation_palette_color_primary":0,"MouthCRW":0.0,"EyeAng":0.0,"MouthX":0.0,"JawH":0.0,"LLiphW":0.0,"ChestS":0.0,"EarsA":0.0,"Scale":1.05,"ULiphW":0.0,"Torso":383947425,"JawD":0.0,"albedo":317354806,"HeadSize":0.0,"CalvesS":0.0,"NoseH":0.0,"hair_visibility":1,"CheekBonesW":0.0,"paintedmasks_palette_color_tertiary":0,"scars_visibility":0,"NoseAng":0.0,"LegsType":-2068143351,"ULiphH":0.0,"beardstabble_tx_id":0,"ageing_visibility":1,"beardstabble_visibility":1,"Hair":4199650471,"ShouldersT":0.0,"LLiphH":0.0,"ShouldersS":0.0,"EarsH":0.0,"sex":"mp_male","EyeLidR":0.0,"acne_tx_id":0,"FaceW":0.0,"scars_opacity":0,"foundation_tx_id":0,"NeckD":0.0,"Legs":-2068143351,"LLiphD":0.0,"paintedmasks_palette_color_secondary":0,"eyebrows_opacity":1.0,"foundation_palette_id":0,"spots_tx_id":0,"foundation_palette_color_secondary":0,"EyeBrowD":0.0,"NoseW":0.0,"blush_visibility":0,"paintedmasks_tx_id":0,"paintedmasks_palette_id":0,"ULiphD":0.0,"EarsD":0.0,"foundation_visibility":0,"hair_opacity":0,"spots_opacity":0,"hair_color_primary":0,"hair_tx_id":0,"blush_opacity":0,"lipsticks_palette_id":0,"blush_palette_id":0,"shadows_opacity":0,"CheekBonesH":0.0,"shadows_visibility":0,"eyeliner_palette_id":0,"eyeliner_opacity":0,"eyeliner_color_primary":0,"eyeliner_visibility":0,"ChinH":0.0,"blush_tx_id":0,"shadows_palette_color_tertiary":0,"shadows_palette_color_secondary":0,"shadows_palette_id":0,"lipsticks_visibility":0,"lipsticks_palette_color_tertiary":0,"lipsticks_opacity":0,"lipsticks_palette_color_secondary":0,"MouthD":0.0,"lipsticks_palette_color_primary":0,"grime_opacity":0,"grime_tx_id":0,"moles_opacity":0,"moles_visibility":0,"LegsS":0.0,"MouthW":0.0,"scars_tx_id":0,"freckles_tx_id":0,"NoseC":0.0,"EyeLidL":0.0,"EyeLidH":0.0,"MouthCLH":0.0,"acne_opacity":0,"acne_visibility":0,"complex_opacity":0,"EyeBrowH":0.0,"NoseS":0.0,"complex_tx_id":0,"MouthCRD":0.0,"disc_opacity":0,"disc_tx_id":0,"disc_visibility":0,"eyebrows_color":1064202495,"paintedmasks_palette_color_primary":0,"JawW":0.0,"NeckW":0.0,"eyebrows_tx_id":4,"EyeBrowW":0.0,"Waist":-2045421226,"Beard":0,"freckles_opacity":0,"MouthCRLD":0.0,"ChinD":0.0,"CheekBonesD":0.0,"ageing_opacity":0.3,"EarsW":0.0,"HipsS":0.0,"MouthCLLD":0.0,"MouthCRH":0.0,"BodyType":383947425,"ageing_tx_id":25}', '{"RingRh":-831098605,"Chap":-1,"Pant":1738549663,"Loadouts":-1,"Suspender":-1,"Satchels":-1,"Accessories":-1,"Belt":-1,"Skirt":-1,"NeckWear":791032583,"Buckle":-1,"Gunbelt":-499572842,"Spats":-1,"Vest":354805386,"Mask":-1,"NeckTies":-1,"Coat":1972811358,"Boots":-1963123644,"Poncho":-1,"CoatClosed":-1,"Hat":1801643461,"Bow":-1,"EyeWear":-451643430,"Cloak":365661718,"Shirt":-1803922127,"Armor":-1,"Spurs":-834860161,"Glove":2025391138,"GunbeltAccs":-1,"Holster":1858275734,"RingLh":-382699870,"Dress":-1,"Badge":-1,"Gauntlets":-1,"Teeth":1629650936,"Bracelet":-1}', '{"Boots":{"-218859683":{"palette":0,"tint1":0,"tint2":0,"tint0":0}},"Shirt":{"-1665588256":{"palette":0,"tint1":0,"tint2":0,"tint0":0}},"Pant":{"1939930032":{"palette":0,"tint1":0,"tint2":0,"tint0":0}}}', 1, '{"x":-365.6044006347656,"heading":340.157470703125,"z":116.2080078125,"y":790.6681518554688}', '{"Metabolism":-10000,"Hunger":745,"Thirst":492}', 0, '{"Mining":{"Label":"Beginner","NextLevel":100,"Exp":0,"MaxLevel":5,"Level":1},"Crafting":{"Label":"Beginner","NextLevel":100,"Exp":0,"MaxLevel":5,"Level":1},"Hunting":{"Label":"Beginner","NextLevel":100,"Exp":0,"MaxLevel":5,"Level":1},"Fishing":{"Label":"Beginner","NextLevel":100,"Exp":0,"MaxLevel":5,"Level":1}}', 'noanim', 0.00, '{"AMMO_REPEATER_HIGH_VELOCITY":149,"AMMO_REVOLVER_HIGH_VELOCITY":137,"AMMO_RIFLE":100}', '888761920172212254', '[]', 2000, 2000, 0, 1),
	('steam:11000015516cc97', '.exe "blg', 3, 'user', 2280.06, 99900.00, 0.00, 259, 500, 100, 500, 100, 0, '2025-07-11', '{}', 400, 'unemployed', 'unemployed', '{}', 'Jamal', 'Core', 'none', 'Male', 30, 'none', '{"EyeBrowD":0.0,"foundation_tx_id":0,"foundation_opacity":0,"NeckD":0.0,"paintedmasks_palette_color_secondary":0,"freckles_tx_id":0,"ageing_visibility":0,"sex":"mp_male","EyeD":0.0,"disc_visibility":0,"CheekBonesW":0.0,"spots_tx_id":0,"NeckW":0.0,"scars_tx_id":0,"paintedmasks_opacity":0,"spots_visibility":0,"EyeBrowH":0.0,"HipsS":0.0,"eyeliner_opacity":0,"ArmsS":0.0,"FaceW":0.0,"freckles_visibility":0,"lipsticks_palette_id":0,"foundation_palette_id":0,"shadows_visibility":0,"NoseH":0.0,"eyebrows_visibility":1,"BodyType":-1082625149,"EarsA":0.0,"acne_visibility":0,"Body":-369348190,"blush_opacity":0,"hair_opacity":0,"grime_opacity":0,"JawH":0.0,"EyeLidR":0.0,"EyeAng":0.0,"ChinH":0.0,"eyeliner_palette_id":0,"ULiphH":0.0,"Legs":-2068143351,"Beard":3926915906,"foundation_visibility":0,"grime_visibility":0,"moles_visibility":0,"LLiphH":0.0,"CheekBonesD":0.0,"foundation_palette_color_tertiary":0,"ShouldersS":0.0,"NoseW":0.0,"JawD":0.0,"beardstabble_tx_id":1,"NoseC":0.0,"foundation_palette_color_primary":0,"eyebrows_opacity":1.0,"moles_opacity":0,"eyeliner_color_primary":0,"FaceD":0.0,"acne_opacity":0,"EyeLidW":0.0,"grime_tx_id":0,"EarsW":0.0,"ULiphD":0.0,"MouthCRW":0.0,"ULiphW":0.0,"MouthCLH":0.0,"MouthCLLD":0.0,"paintedmasks_palette_color_primary":0,"MouthY":0.0,"LLiphW":0.0,"ChinD":0.0,"scars_opacity":0,"LLiphD":0.0,"Waist":149872391,"MouthCLW":0.0,"paintedmasks_tx_id":0,"beardstabble_color_primary":0,"ShouldersM":0.0,"freckles_opacity":0,"lipsticks_palette_color_tertiary":0,"MouthW":0.0,"HeadType":1901130586,"foundation_palette_color_secondary":0,"EarsD":0.0,"paintedmasks_visibility":0,"ageing_tx_id":0,"paintedmasks_palette_id":0,"spots_opacity":0,"disc_opacity":0,"complex_tx_id":0,"blush_palette_color_primary":0,"HeadSize":0.0,"MouthD":0.0,"eyebrows_color":1064202495,"EarsH":0.0,"blush_palette_id":0,"ChinW":0.0,"shadows_palette_color_primary":0,"complex_opacity":0,"shadows_tx_id":0,"hair_tx_id":0,"blush_tx_id":0,"LegsS":0.0,"complex_visibility":0,"lipsticks_opacity":0,"EyeLidH":0.0,"acne_tx_id":0,"NoseAng":0.0,"shadows_opacity":0,"Eyes":-2099894853,"Torso":-1082625149,"EyeH":0.0,"JawW":0.0,"CheekBonesH":0.0,"CalvesS":0.0,"shadows_palette_color_secondary":0,"moles_tx_id":0,"ShouldersT":0.0,"lipsticks_palette_color_primary":0,"EyeDis":0.0,"shadows_palette_color_tertiary":0,"lipsticks_tx_id":0,"Hair":616336951,"ageing_opacity":0,"lipsticks_palette_color_secondary":0,"MouthCRLD":0.0,"shadows_palette_id":0,"ChestS":0.0,"WaistW":0.0,"lipsticks_visibility":0,"beardstabble_opacity":0,"MouthX":0.0,"NoseDis":0.0,"MouthCRD":0.0,"blush_visibility":0,"MouthCRH":0.0,"eyeliner_visibility":0,"paintedmasks_palette_color_tertiary":0,"MouthCLD":0.0,"disc_tx_id":0,"scars_visibility":0,"EyeBrowW":0.0,"Scale":0.0,"albedo":-629195971,"hair_visibility":0,"FaceS":0.0,"eyebrows_tx_id":4,"eyeliner_tx_id":0,"LegsType":1936785526,"beardstabble_visibility":1,"NoseS":0.0,"hair_color_primary":0,"EyeLidL":0.0}', '{"Gauntlets":-1,"Accessories":-1,"Spurs":-202541861,"Pant":1821537650,"Hat":-577447992,"Badge":-1,"Boots":56395757,"Chap":1361405730,"Holster":-1,"Spats":-1,"Shirt":1268605773,"Bracelet":-1,"Poncho":-1,"Loadouts":-1,"Coat":-1,"Mask":-1,"RingRh":-1,"Gunbelt":-1844026044,"RingLh":-1,"Armor":-1,"Vest":-2028624053,"Teeth":712446626,"CoatClosed":-1,"Glove":-1,"Skirt":-1,"Satchels":-1,"Belt":-1,"Cloak":-1,"EyeWear":633673784,"Buckle":-183431111,"NeckTies":-1,"Dress":-1,"GunbeltAccs":-1,"Bow":-1,"NeckWear":-1,"Suspender":-1}', '{"Chap":{"1361405730":{"color":1,"index":3,"palette":1090645383,"tint0":15,"tint2":254,"tint1":240}},"Spurs":{"-202541861":{"color":1,"index":2,"palette":-783849117,"tint0":14,"tint2":88,"tint1":26}},"Pant":{"1821537650":{"color":4,"index":34,"palette":1090645383,"tint0":21,"tint2":20,"tint1":21}},"Hat":{"-577447992":{"color":6,"index":35,"palette":-783849117,"tint0":7,"tint2":7,"tint1":7}},"EyeWear":{"633673784":{"color":1,"index":5,"palette":-1543234321,"tint0":64,"tint2":11,"tint1":250}},"Buckle":{"-183431111":{"color":6,"index":2,"palette":1090645383,"tint0":44,"tint2":44,"tint1":44}},"Boots":{"56395757":{"color":1,"index":5,"palette":1669565057,"tint0":21,"tint2":55,"tint1":21}},"Shirt":{"1268605773":{"color":0,"index":7,"palette":-1436165981,"tint0":21,"tint2":19,"tint1":21}},"Vest":{"-2028624053":{"color":6,"index":22,"palette":1090645383,"tint0":46,"tint2":19,"tint1":243}},"Gunbelt":{"-1844026044":{"color":1,"index":17,"palette":-183908539,"tint0":0,"tint2":8,"tint1":60}}}', 1, '{"heading":269.2913513183594,"z":-13.7376708984375,"y":-2605.58251953125,"x":-3676.3779296875}', '{"Metabolism":-5210,"Thirst":621,"Hunger":716}', 0, '{"Fishing":{"NextLevel":100,"MaxLevel":5,"Exp":0,"Level":1,"Label":"Beginner"},"Mining":{"NextLevel":100,"MaxLevel":5,"Exp":0,"Level":1,"Label":"Beginner"},"Hunting":{"NextLevel":100,"MaxLevel":5,"Exp":0,"Level":1,"Label":"Beginner"},"Crafting":{"NextLevel":100,"MaxLevel":5,"Exp":0,"Level":1,"Label":"Beginner"}}', 'noanim', 0.00, '{"AMMO_SHOTGUN":2,"AMMO_TOMAHAWK":3,"AMMO_RIFLE_EXPRESS":57,"AMMO_REVOLVER":58,"AMMO_BOLAS":2}', '1013971841645285396', '[]', 2000, 2000, 0, 0);

-- A despejar estrutura para tabela vorpcore_6eba9b.character_inventories
CREATE TABLE IF NOT EXISTS `character_inventories` (
  `character_id` int(11) DEFAULT NULL,
  `inventory_type` varchar(100) NOT NULL DEFAULT 'default',
  `item_crafted_id` int(11) NOT NULL,
  `item_name` varchar(50) DEFAULT 'item',
  `amount` int(11) DEFAULT NULL,
  `created_at` timestamp NULL DEFAULT current_timestamp(),
  `degradation` int(11) DEFAULT NULL,
  `percentage` int(11) DEFAULT NULL,
  KEY `character_inventory_idx` (`character_id`,`inventory_type`)
) ENGINE=InnoDB DEFAULT CHARSET=utf8mb4 COLLATE=utf8mb4_general_ci;

-- A despejar dados para tabela vorpcore_6eba9b.character_inventories: ~75 rows (aproximadamente)
INSERT INTO `character_inventories` (`character_id`, `inventory_type`, `item_crafted_id`, `item_name`, `amount`, `created_at`, `degradation`, `percentage`) VALUES
	(2, 'hk_118', 37, 'cheesecake', 1, '2025-07-09 21:52:27', NULL, NULL),
	(2, 'hk_124', 39, 'ammorifleexpress', 1, '2025-07-09 21:55:10', NULL, NULL),
	(1, 'vorp_medic_storage', 53, 'syringe', 4, '2025-07-09 22:56:16', NULL, NULL),
	(3, 'default', 64, 'water', 3, '2025-07-10 15:44:27', NULL, NULL),
	(2, 'hk_115', 68, 'tequila', 1, '2025-07-10 15:49:45', NULL, NULL),
	(3, 'default', 72, 'Oregano', 9, '2025-07-10 15:58:28', NULL, NULL),
	(3, 'default', 73, 'hk_106', 1, '2025-07-10 16:01:06', NULL, NULL),
	(3, 'default', 88, 'ammoshotgunnormal', 2, '2025-07-10 17:25:14', NULL, NULL),
	(3, 'default', 89, 'ammorifleexpress', 6, '2025-07-10 17:25:14', NULL, NULL),
	(3, 'default', 90, 'ammotomahawk', 2, '2025-07-10 17:25:15', NULL, NULL),
	(3, 'default', 91, 'ammobolla', 2, '2025-07-10 17:25:15', NULL, NULL),
	(3, 'default', 92, 'pickaxe', 1, '2025-07-10 17:27:40', NULL, NULL),
	(3, 'default', 93, 'English_Mace', 1, '2025-07-10 17:30:34', NULL, NULL),
	(3, 'default', 94, 'game', 1, '2025-07-10 17:35:16', NULL, NULL),
	(3, 'default', 95, 'foxt', 1, '2025-07-10 17:35:16', NULL, NULL),
	(3, 'default', 96, 'foxskin', 1, '2025-07-10 17:35:16', NULL, NULL),
	(3, 'default', 97, 'meat', 5, '2025-07-10 17:35:30', NULL, NULL),
	(3, 'default', 98, 'hk_125', 1, '2025-07-10 17:36:06', NULL, NULL),
	(3, 'default', 99, 'Desert_Sage', 2, '2025-07-10 17:41:39', NULL, NULL),
	(3, 'default', 105, 'consumable_lemoncake', 1, '2025-07-10 17:59:16', NULL, NULL),
	(4, 'default', 128, 'ammorepeatersplitpoint', 3, '2025-07-11 23:19:20', NULL, NULL),
	(4, 'default', 132, 'ammopistolsplitpoint', 3, '2025-07-11 23:19:21', NULL, NULL),
	(4, 'default', 134, 'ammoarrownormal', 5, '2025-07-11 23:19:21', NULL, NULL),
	(4, 'default', 135, 'ammovarmint', 5, '2025-07-11 23:19:22', NULL, NULL),
	(4, 'default', 162, 'hk_118', 1, '2025-07-12 13:11:58', NULL, NULL),
	(4, 'default', 164, 'Agarita', 5, '2025-07-12 13:30:37', NULL, NULL),
	(4, 'default', 165, 'hk_105', 1, '2025-07-12 13:38:23', NULL, NULL),
	(4, 'default', 167, 'Crows_Garlic', 1, '2025-07-12 13:49:15', NULL, NULL),
	(4, 'default', 168, 'hk_128', 1, '2025-07-12 13:51:47', NULL, NULL),
	(5, 'default', 172, 'Bandage', 6, '2025-07-14 14:18:52', NULL, NULL),
	(5, 'default', 181, 'ammoriflesplitpoint', 8, '2025-07-14 14:41:51', NULL, NULL),
	(5, 'default', 182, 'ammoshotgunslug', 9, '2025-07-14 14:44:48', NULL, NULL),
	(5, 'default', 183, 'ammorevolversplitpoint', 7, '2025-07-14 14:45:42', NULL, NULL),
	(4, 'default', 184, 'consumable_donut', 1, '2025-07-14 14:45:52', NULL, NULL),
	(4, 'default', 185, 'consumable_fruitsalad', 4, '2025-07-14 14:45:52', NULL, NULL),
	(4, 'default', 187, 'beer', 6, '2025-07-14 14:46:17', NULL, NULL),
	(4, 'default', 188, 'raspberryale', 8, '2025-07-14 14:46:17', NULL, NULL),
	(4, 'default', 227, 'lockpick', 2, '2025-07-15 16:31:41', NULL, NULL),
	(4, 'default', 251, 'iron', 8, '2025-07-15 16:35:51', NULL, NULL),
	(4, 'default', 252, 'ammorevolversplitpoint', 8, '2025-07-15 16:46:43', NULL, NULL),
	(4, 'default', 253, 'ammoshotgunslug', 9, '2025-07-15 16:46:43', NULL, NULL),
	(4, 'default', 254, 'ammoriflesplitpoint', 5, '2025-07-15 16:46:43', NULL, NULL),
	(2, 'bcc-housinginv:72', 257, 'beef', 2, '2025-07-15 19:01:33', NULL, NULL),
	(4, 'default', 260, 'fertilizer', 5, '2025-07-15 20:01:59', NULL, NULL),
	(4, 'default', 261, 'milk', 1, '2025-07-15 20:11:13', NULL, NULL),
	(4, 'default', 262, 'diamond', 1, '2025-07-15 20:31:26', NULL, NULL),
	(4, 'default', 266, 'portable_canoe', 1, '2025-07-15 20:50:29', NULL, NULL),
	(4, 'default', 273, 'English_Mace', 3, '2025-07-15 21:22:23', NULL, NULL),
	(4, 'default', 274, 'buckantler', 1, '2025-07-15 21:22:39', NULL, NULL),
	(4, 'default', 275, 'legbucks', 1, '2025-07-15 21:22:39', NULL, NULL),
	(4, 'default', 276, 'legbucks1', 1, '2025-07-15 21:22:39', NULL, NULL),
	(4, 'default', 277, 'legendbuckantler', 2, '2025-07-15 21:22:39', NULL, NULL),
	(4, 'default', 278, 'venison', 1, '2025-07-15 21:22:39', NULL, NULL),
	(4, 'default', 279, 'venison', 2, '2025-07-15 21:22:39', NULL, NULL),
	(4, 'default', 310, 'pork', 1, '2025-07-16 15:55:46', NULL, NULL),
	(4, 'default', 311, 'pigs', 1, '2025-07-16 15:55:46', NULL, NULL),
	(4, 'default', 312, 'porkfat', 1, '2025-07-16 15:55:46', NULL, NULL),
	(2, 'default', 319, 'shovel', 1, '2025-07-16 17:39:13', NULL, NULL),
	(2, 'default', 321, 'rock', 1, '2025-07-16 17:40:50', NULL, NULL),
	(2, 'default', 322, 'golden_ring', 3, '2025-07-16 17:41:20', NULL, NULL),
	(2, 'default', 323, 'golden_nugget', 3, '2025-07-16 17:42:51', NULL, NULL),
	(1, 'default', 327, 'ammorevolvervelocity', 5, '2025-07-18 16:38:57', NULL, NULL),
	(4, 'default', 329, 'ammoriflenormal', 1, '2025-07-18 17:37:42', NULL, NULL),
	(5, 'default', 330, 'lockpick', 5, '2025-07-18 17:39:31', NULL, NULL),
	(5, 'default', 338, 'dynamite', 6, '2025-07-18 18:29:57', NULL, NULL),
	(5, 'default', 341, 'iron', 27, '2025-07-18 18:59:04', NULL, NULL),
	(5, 'default', 342, 'coal', 6, '2025-07-18 18:59:04', NULL, NULL),
	(2, 'default', 343, 'lockpick', 5, '2025-07-18 20:03:05', NULL, NULL),
	(1, 'Player_7_empresa_inv', 344, 'ammorepeatervelocity', 8, '2025-07-19 09:41:28', NULL, NULL),
	(1, 'Player_7_empresa_inv', 345, 'golden_nugget', 10, '2025-07-19 09:41:30', NULL, NULL),
	(1, 'Player_7_empresa_inv', 346, 'rock', 12, '2025-07-19 09:41:32', NULL, NULL),
	(1, 'default', 347, 'lockpick', 5, '2025-07-19 10:31:03', NULL, NULL),
	(1, 'default', 349, 'shovel', 1, '2025-07-19 10:50:46', NULL, NULL),
	(1, 'Player_7_empresa_inv', 351, 'iron', 3, '2025-07-19 10:56:22', NULL, NULL),
	(1, 'Player_8_empresa_inv', 352, 'ammorevolvervelocity', 2, '2025-07-19 10:58:37', NULL, NULL);

-- A despejar estrutura para tabela vorpcore_6eba9b.doorlocks
CREATE TABLE IF NOT EXISTS `doorlocks` (
  `doorid` int(11) NOT NULL AUTO_INCREMENT,
  `doorinfo` longtext NOT NULL,
  `jobsallowedtoopen` longtext NOT NULL DEFAULT 'none',
  `keyitem` varchar(50) NOT NULL DEFAULT 'none',
  `locked` varchar(50) NOT NULL DEFAULT 'false',
  `ids_allowed` longtext DEFAULT NULL,
  PRIMARY KEY (`doorid`)
) ENGINE=InnoDB AUTO_INCREMENT=27 DEFAULT CHARSET=utf8mb4 COLLATE=utf8mb4_general_ci;

-- A despejar dados para tabela vorpcore_6eba9b.doorlocks: ~7 rows (aproximadamente)
INSERT INTO `doorlocks` (`doorid`, `doorinfo`, `jobsallowedtoopen`, `keyitem`, `locked`, `ids_allowed`) VALUES
	(14, '[2212914984,-1497029950,"p_door37x",-2182.5109863281,716.46356201172,121.62875366211]', '[]', 'none', 'true', '[5]'),
	(15, '[2468163139,233569385,"p_door_barn02",-2211.3740234375,726.83837890625,121.957862854]', '[]', 'none', 'true', '[5]'),
	(16, '[2171243230,233569385,"p_door_barn02",-2215.2297363281,724.63256835938,121.957862854]', '[]', 'none', 'true', '[5]'),
	(17, '[2726022400,-559000589,"p_door_wornbarn_l",-2216.4638671875,745.06036376953,122.47724111111]', '[]', 'none', 'true', '[5]'),
	(22, '[716373713,1502124512,"dis_grz_colony_buildingdoor",746.21899414062,1827.1379394531,237.69999694824]', '[]', 'money', 'true', '[1]'),
	(25, '[-60403358,1580989474,"door-stable1",2879.570068359375,-1267,45.36043167114258]', '[]', 'Money', 'true', '[2]'),
	(26, '[1282705079,-2080420985,"p_door41x",1376.0239257813,-873.24206542969,69.11506652832]', '[]', 'none', 'true', '[0]');

-- A despejar estrutura para tabela vorpcore_6eba9b.empresas
CREATE TABLE IF NOT EXISTS `empresas` (
  `id` int(11) NOT NULL AUTO_INCREMENT,
  `nome` varchar(100) NOT NULL,
  `tipo` enum('padaria','ferreiro','loja_pecas','restaurante','bar','loja_roupas','banco','correios','hospital') NOT NULL,
  `dono_char_id` int(11) DEFAULT NULL,
  `coord_gestao_x` float NOT NULL,
  `coord_gestao_y` float NOT NULL,
  `coord_gestao_z` float NOT NULL,
  `coord_craft_x` float DEFAULT NULL,
  `coord_craft_y` float DEFAULT NULL,
  `coord_craft_z` float DEFAULT NULL,
  `coord_inventario_x` float DEFAULT NULL,
  `coord_inventario_y` float DEFAULT NULL,
  `coord_inventario_z` float DEFAULT NULL,
  `coord_caixa_x` float DEFAULT NULL,
  `coord_caixa_y` float DEFAULT NULL,
  `coord_caixa_z` float DEFAULT NULL,
  `caixa` decimal(10,2) DEFAULT 0.00,
  `limite_inventario` int(11) DEFAULT 1000,
  `ativa` tinyint(1) DEFAULT 1,
  `data_criacao` timestamp NOT NULL DEFAULT current_timestamp(),
  `data_atualizacao` timestamp NOT NULL DEFAULT current_timestamp() ON UPDATE current_timestamp(),
  `cidade` varchar(50) DEFAULT 'Valentine',
  PRIMARY KEY (`id`),
  KEY `idx_tipo` (`tipo`),
  KEY `idx_dono` (`dono_char_id`),
  KEY `idx_ativa` (`ativa`)
) ENGINE=InnoDB AUTO_INCREMENT=9 DEFAULT CHARSET=utf8 COLLATE=utf8_general_ci;

-- A despejar dados para tabela vorpcore_6eba9b.empresas: ~2 rows (aproximadamente)
INSERT INTO `empresas` (`id`, `nome`, `tipo`, `dono_char_id`, `coord_gestao_x`, `coord_gestao_y`, `coord_gestao_z`, `coord_craft_x`, `coord_craft_y`, `coord_craft_z`, `coord_inventario_x`, `coord_inventario_y`, `coord_inventario_z`, `coord_caixa_x`, `coord_caixa_y`, `coord_caixa_z`, `caixa`, `limite_inventario`, `ativa`, `data_criacao`, `data_atualizacao`, `cidade`) VALUES
	(7, 'rafa', 'padaria', 1, -311.243, 807.948, 119.029, NULL, NULL, NULL, NULL, NULL, NULL, NULL, NULL, NULL, 1060.00, 1000, 1, '2025-07-18 18:21:00', '2025-07-19 10:57:32', 'Valentine'),
	(8, 'Banco', 'padaria', 1, -304.965, 777.401, 118.767, NULL, NULL, NULL, NULL, NULL, NULL, NULL, NULL, NULL, 1000.00, 1000, 1, '2025-07-19 10:58:01', '2025-07-19 10:58:54', 'Valentine');

-- A despejar estrutura para tabela vorpcore_6eba9b.empresa_cargos
CREATE TABLE IF NOT EXISTS `empresa_cargos` (
  `id` int(11) NOT NULL AUTO_INCREMENT,
  `empresa_id` int(11) NOT NULL,
  `nome` varchar(50) NOT NULL,
  `salario` decimal(8,2) DEFAULT 0.00,
  `acesso_caixa` tinyint(1) DEFAULT 0,
  `data_criacao` timestamp NOT NULL DEFAULT current_timestamp(),
  PRIMARY KEY (`id`),
  KEY `idx_empresa` (`empresa_id`),
  KEY `idx_acesso_caixa` (`acesso_caixa`),
  CONSTRAINT `empresa_cargos_ibfk_1` FOREIGN KEY (`empresa_id`) REFERENCES `empresas` (`id`) ON DELETE CASCADE
) ENGINE=InnoDB AUTO_INCREMENT=29 DEFAULT CHARSET=utf8 COLLATE=utf8_general_ci;

-- A despejar dados para tabela vorpcore_6eba9b.empresa_cargos: ~8 rows (aproximadamente)
INSERT INTO `empresa_cargos` (`id`, `empresa_id`, `nome`, `salario`, `acesso_caixa`, `data_criacao`) VALUES
	(21, 7, 'Dono', 70.00, 1, '2025-07-18 18:21:00'),
	(22, 7, 'Gerente', 100.00, 1, '2025-07-18 18:21:00'),
	(23, 7, 'Supervisor', 75.00, 0, '2025-07-18 18:21:00'),
	(24, 7, 'Funcionário', 50.00, 0, '2025-07-18 18:21:00'),
	(25, 8, 'Dono', 150.00, 1, '2025-07-19 10:58:01'),
	(26, 8, 'Gerente', 100.00, 1, '2025-07-19 10:58:01'),
	(27, 8, 'Supervisor', 75.00, 0, '2025-07-19 10:58:01'),
	(28, 8, 'Funcionário', 50.00, 0, '2025-07-19 10:58:01');

-- A despejar estrutura para tabela vorpcore_6eba9b.empresa_cobrancas
CREATE TABLE IF NOT EXISTS `empresa_cobrancas` (
  `id` int(11) NOT NULL AUTO_INCREMENT,
  `empresa_id` int(11) NOT NULL,
  `cliente_id` int(11) NOT NULL,
  `valor` int(11) NOT NULL,
  `status` enum('aceita','recusada') NOT NULL,
  `data` timestamp NOT NULL DEFAULT current_timestamp(),
  PRIMARY KEY (`id`),
  KEY `empresa_id` (`empresa_id`),
  CONSTRAINT `empresa_cobrancas_ibfk_1` FOREIGN KEY (`empresa_id`) REFERENCES `empresas` (`id`) ON DELETE CASCADE
) ENGINE=InnoDB DEFAULT CHARSET=utf8 COLLATE=utf8_general_ci;

-- A despejar dados para tabela vorpcore_6eba9b.empresa_cobrancas: ~0 rows (aproximadamente)

-- A despejar estrutura para tabela vorpcore_6eba9b.empresa_funcionarios
CREATE TABLE IF NOT EXISTS `empresa_funcionarios` (
  `id` int(11) NOT NULL AUTO_INCREMENT,
  `empresa_id` int(11) NOT NULL,
  `char_id` int(11) NOT NULL,
  `cargo_id` int(11) NOT NULL,
  `data_contratacao` timestamp NOT NULL DEFAULT current_timestamp(),
  PRIMARY KEY (`id`),
  UNIQUE KEY `uk_funcionario_empresa` (`char_id`,`empresa_id`),
  KEY `idx_empresa` (`empresa_id`),
  KEY `idx_char` (`char_id`),
  KEY `idx_cargo` (`cargo_id`),
  CONSTRAINT `empresa_funcionarios_ibfk_1` FOREIGN KEY (`empresa_id`) REFERENCES `empresas` (`id`) ON DELETE CASCADE,
  CONSTRAINT `empresa_funcionarios_ibfk_2` FOREIGN KEY (`cargo_id`) REFERENCES `empresa_cargos` (`id`) ON DELETE CASCADE
) ENGINE=InnoDB AUTO_INCREMENT=8 DEFAULT CHARSET=utf8 COLLATE=utf8_general_ci;

-- A despejar dados para tabela vorpcore_6eba9b.empresa_funcionarios: ~2 rows (aproximadamente)
INSERT INTO `empresa_funcionarios` (`id`, `empresa_id`, `char_id`, `cargo_id`, `data_contratacao`) VALUES
	(6, 7, 1, 21, '2025-07-18 18:25:22'),
	(7, 8, 1, 25, '2025-07-19 10:58:20');

-- A despejar estrutura para tabela vorpcore_6eba9b.empresa_inventario
CREATE TABLE IF NOT EXISTS `empresa_inventario` (
  `id` int(11) NOT NULL AUTO_INCREMENT,
  `empresa_id` int(11) NOT NULL,
  `item` varchar(50) NOT NULL,
  `quantidade` int(11) NOT NULL DEFAULT 0,
  PRIMARY KEY (`id`),
  KEY `idx_empresa_item` (`empresa_id`,`item`),
  CONSTRAINT `fk_empresa` FOREIGN KEY (`empresa_id`) REFERENCES `empresas` (`id`) ON DELETE CASCADE
) ENGINE=InnoDB DEFAULT CHARSET=utf8 COLLATE=utf8_general_ci;

-- A despejar dados para tabela vorpcore_6eba9b.empresa_inventario: ~0 rows (aproximadamente)

-- A despejar estrutura para tabela vorpcore_6eba9b.empresa_logs
CREATE TABLE IF NOT EXISTS `empresa_logs` (
  `id` int(11) NOT NULL AUTO_INCREMENT,
  `empresa_id` int(11) NOT NULL,
  `acao` varchar(50) NOT NULL,
  `detalhes` text DEFAULT NULL,
  `data` timestamp NOT NULL DEFAULT current_timestamp(),
  PRIMARY KEY (`id`),
  KEY `empresa_id` (`empresa_id`),
  CONSTRAINT `empresa_logs_ibfk_1` FOREIGN KEY (`empresa_id`) REFERENCES `empresas` (`id`) ON DELETE CASCADE
) ENGINE=InnoDB DEFAULT CHARSET=utf8 COLLATE=utf8_general_ci;

-- A despejar dados para tabela vorpcore_6eba9b.empresa_logs: ~0 rows (aproximadamente)

-- A despejar estrutura para tabela vorpcore_6eba9b.empresa_movimentacoes
CREATE TABLE IF NOT EXISTS `empresa_movimentacoes` (
  `id` int(11) NOT NULL AUTO_INCREMENT,
  `empresa_id` int(11) NOT NULL,
  `tipo` enum('deposito','retirada','pagamento','admin_credito','admin_debito') NOT NULL,
  `valor` decimal(10,2) NOT NULL,
  `char_id` int(11) DEFAULT NULL,
  `descricao` text DEFAULT NULL,
  `saldo_anterior` decimal(10,2) NOT NULL,
  `saldo_atual` decimal(10,2) NOT NULL,
  `data_movimentacao` timestamp NOT NULL DEFAULT current_timestamp(),
  PRIMARY KEY (`id`),
  KEY `idx_empresa` (`empresa_id`),
  KEY `idx_tipo` (`tipo`),
  KEY `idx_data` (`data_movimentacao`),
  KEY `idx_char` (`char_id`),
  CONSTRAINT `empresa_movimentacoes_ibfk_1` FOREIGN KEY (`empresa_id`) REFERENCES `empresas` (`id`) ON DELETE CASCADE
) ENGINE=InnoDB AUTO_INCREMENT=82 DEFAULT CHARSET=utf8 COLLATE=utf8_general_ci;

-- A despejar dados para tabela vorpcore_6eba9b.empresa_movimentacoes: ~76 rows (aproximadamente)
INSERT INTO `empresa_movimentacoes` (`id`, `empresa_id`, `tipo`, `valor`, `char_id`, `descricao`, `saldo_anterior`, `saldo_atual`, `data_movimentacao`) VALUES
	(6, 7, '', 10.00, 1, 'Depósito por Rafa_Oliveira (Dono)', 0.00, 0.00, '2025-07-18 18:56:38'),
	(7, 7, '', 10.00, 1, 'Depósito por Rafa_Oliveira (Dono)', 0.00, 0.00, '2025-07-18 19:06:00'),
	(8, 7, '', 10.00, 1, 'Depósito por Rafa_Oliveira (Dono)', 0.00, 0.00, '2025-07-18 19:32:02'),
	(9, 7, 'retirada', 30.00, NULL, 'Retirada por Rafa_Oliveira', 0.00, 0.00, '2025-07-18 19:58:28'),
	(10, 7, '', 10.00, 1, 'Depósito por Rafa_Oliveira (Dono)', 0.00, 0.00, '2025-07-18 20:03:17'),
	(11, 7, 'retirada', 10.00, NULL, 'Retirada por Rafa_Oliveira', 0.00, 0.00, '2025-07-18 20:03:45'),
	(12, 7, '', 150.00, NULL, 'Pagamento automático - Cargo: Dono (Offline)', 0.00, 0.00, '2025-07-18 20:17:38'),
	(13, 7, '', 150.00, NULL, 'Pagamento automático de salários (1 funcionários)', 0.00, 0.00, '2025-07-18 20:17:38'),
	(14, 7, '', 150.00, NULL, 'Pagamento automático - Cargo: Dono (Offline)', 0.00, 0.00, '2025-07-18 20:32:38'),
	(15, 7, '', 150.00, NULL, 'Pagamento automático de salários (1 funcionários)', 0.00, 0.00, '2025-07-18 20:32:38'),
	(16, 7, '', 150.00, NULL, 'Pagamento automático - Cargo: Dono (Offline)', 0.00, 0.00, '2025-07-18 20:47:38'),
	(17, 7, '', 150.00, NULL, 'Pagamento automático de salários (1 funcionários)', 0.00, 0.00, '2025-07-18 20:47:38'),
	(18, 7, '', 150.00, NULL, 'Pagamento automático - Cargo: Dono (Offline)', 0.00, 0.00, '2025-07-18 21:02:38'),
	(19, 7, '', 150.00, NULL, 'Pagamento automático de salários (1 funcionários)', 0.00, 0.00, '2025-07-18 21:02:38'),
	(20, 7, '', 150.00, NULL, 'Pagamento automático - Cargo: Dono (Offline)', 0.00, 0.00, '2025-07-18 21:17:39'),
	(21, 7, '', 150.00, NULL, 'Pagamento automático de salários (1 funcionários)', 0.00, 0.00, '2025-07-18 21:17:39'),
	(22, 7, '', 150.00, NULL, 'Pagamento automático - Cargo: Dono (Offline)', 0.00, 0.00, '2025-07-18 21:32:39'),
	(23, 7, '', 150.00, NULL, 'Pagamento automático de salários (1 funcionários)', 0.00, 0.00, '2025-07-18 21:32:39'),
	(24, 7, '', 150.00, NULL, 'Pagamento automático - Cargo: Dono (Offline)', 0.00, 0.00, '2025-07-18 21:47:39'),
	(25, 7, '', 150.00, NULL, 'Pagamento automático de salários (1 funcionários)', 0.00, 0.00, '2025-07-18 21:47:39'),
	(26, 7, '', 150.00, NULL, 'Pagamento automático - Cargo: Dono (Offline)', 0.00, 0.00, '2025-07-18 22:02:39'),
	(27, 7, '', 150.00, NULL, 'Pagamento automático de salários (1 funcionários)', 0.00, 0.00, '2025-07-18 22:02:39'),
	(28, 7, '', 150.00, NULL, 'Pagamento automático - Cargo: Dono (Offline)', 0.00, 0.00, '2025-07-18 22:17:39'),
	(29, 7, '', 150.00, NULL, 'Pagamento automático de salários (1 funcionários)', 0.00, 0.00, '2025-07-18 22:17:39'),
	(30, 7, '', 150.00, NULL, 'Pagamento automático - Cargo: Dono (Offline)', 0.00, 0.00, '2025-07-18 22:32:39'),
	(31, 7, '', 150.00, NULL, 'Pagamento automático de salários (1 funcionários)', 0.00, 0.00, '2025-07-18 22:32:39'),
	(32, 7, '', 150.00, NULL, 'Pagamento automático - Cargo: Dono (Offline)', 0.00, 0.00, '2025-07-18 22:47:39'),
	(33, 7, '', 150.00, NULL, 'Pagamento automático de salários (1 funcionários)', 0.00, 0.00, '2025-07-18 22:47:39'),
	(34, 7, '', 150.00, NULL, 'Pagamento automático - Cargo: Dono (Offline)', 0.00, 0.00, '2025-07-18 23:02:39'),
	(35, 7, '', 150.00, NULL, 'Pagamento automático de salários (1 funcionários)', 0.00, 0.00, '2025-07-18 23:02:39'),
	(36, 7, '', 150.00, NULL, 'Pagamento automático - Cargo: Dono (Offline)', 0.00, 0.00, '2025-07-18 23:17:39'),
	(37, 7, '', 150.00, NULL, 'Pagamento automático de salários (1 funcionários)', 0.00, 0.00, '2025-07-18 23:17:39'),
	(38, 7, '', 150.00, NULL, 'Pagamento automático - Cargo: Dono (Offline)', 0.00, 0.00, '2025-07-18 23:32:39'),
	(39, 7, '', 150.00, NULL, 'Pagamento automático de salários (1 funcionários)', 0.00, 0.00, '2025-07-18 23:32:39'),
	(40, 7, '', 150.00, NULL, 'Pagamento automático - Cargo: Dono (Offline)', 0.00, 0.00, '2025-07-18 23:47:39'),
	(41, 7, '', 150.00, NULL, 'Pagamento automático de salários (1 funcionários)', 0.00, 0.00, '2025-07-18 23:47:39'),
	(42, 7, '', 150.00, NULL, 'Pagamento automático - Cargo: Dono (Offline)', 0.00, 0.00, '2025-07-19 00:02:39'),
	(43, 7, '', 150.00, NULL, 'Pagamento automático de salários (1 funcionários)', 0.00, 0.00, '2025-07-19 00:02:39'),
	(44, 7, '', 150.00, NULL, 'Pagamento automático - Cargo: Dono (Offline)', 0.00, 0.00, '2025-07-19 00:17:39'),
	(45, 7, '', 150.00, NULL, 'Pagamento automático de salários (1 funcionários)', 0.00, 0.00, '2025-07-19 00:17:39'),
	(46, 7, '', 150.00, NULL, 'Pagamento automático - Cargo: Dono (Offline)', 0.00, 0.00, '2025-07-19 00:32:39'),
	(47, 7, '', 150.00, NULL, 'Pagamento automático de salários (1 funcionários)', 0.00, 0.00, '2025-07-19 00:32:39'),
	(48, 7, '', 150.00, NULL, 'Pagamento automático - Cargo: Dono (Offline)', 0.00, 0.00, '2025-07-19 00:47:39'),
	(49, 7, '', 150.00, NULL, 'Pagamento automático de salários (1 funcionários)', 0.00, 0.00, '2025-07-19 00:47:39'),
	(50, 7, '', 150.00, NULL, 'Pagamento automático - Cargo: Dono (Offline)', 0.00, 0.00, '2025-07-19 01:02:39'),
	(51, 7, '', 150.00, NULL, 'Pagamento automático de salários (1 funcionários)', 0.00, 0.00, '2025-07-19 01:02:39'),
	(52, 7, '', 150.00, NULL, 'Pagamento automático - Cargo: Dono (Offline)', 0.00, 0.00, '2025-07-19 01:17:39'),
	(53, 7, '', 150.00, NULL, 'Pagamento automático de salários (1 funcionários)', 0.00, 0.00, '2025-07-19 01:17:39'),
	(54, 7, '', 150.00, NULL, 'Pagamento automático - Cargo: Dono (Offline)', 0.00, 0.00, '2025-07-19 01:32:39'),
	(55, 7, '', 150.00, NULL, 'Pagamento automático de salários (1 funcionários)', 0.00, 0.00, '2025-07-19 01:32:39'),
	(56, 7, '', 150.00, NULL, 'Pagamento automático - Cargo: Dono (Offline)', 0.00, 0.00, '2025-07-19 01:47:36'),
	(57, 7, '', 150.00, NULL, 'Pagamento automático de salários (1 funcionários)', 0.00, 0.00, '2025-07-19 01:47:36'),
	(58, 7, '', 150.00, NULL, 'Pagamento automático - Cargo: Dono (Offline)', 0.00, 0.00, '2025-07-19 02:02:36'),
	(59, 7, '', 150.00, NULL, 'Pagamento automático de salários (1 funcionários)', 0.00, 0.00, '2025-07-19 02:02:36'),
	(60, 7, '', 150.00, NULL, 'Pagamento automático - Cargo: Dono (Offline)', 0.00, 0.00, '2025-07-19 02:17:36'),
	(61, 7, '', 150.00, NULL, 'Pagamento automático de salários (1 funcionários)', 0.00, 0.00, '2025-07-19 02:17:36'),
	(62, 7, '', 150.00, NULL, 'Pagamento automático - Cargo: Dono (Offline)', 0.00, 0.00, '2025-07-19 02:32:36'),
	(63, 7, '', 150.00, NULL, 'Pagamento automático de salários (1 funcionários)', 0.00, 0.00, '2025-07-19 02:32:36'),
	(64, 7, '', 150.00, NULL, 'Pagamento automático - Cargo: Dono (Offline)', 0.00, 0.00, '2025-07-19 02:47:36'),
	(65, 7, '', 150.00, NULL, 'Pagamento automático de salários (1 funcionários)', 0.00, 0.00, '2025-07-19 02:47:36'),
	(66, 7, '', 150.00, NULL, 'Pagamento automático - Cargo: Dono (Offline)', 0.00, 0.00, '2025-07-19 03:02:36'),
	(67, 7, '', 150.00, NULL, 'Pagamento automático de salários (1 funcionários)', 0.00, 0.00, '2025-07-19 03:02:36'),
	(68, 7, '', 150.00, NULL, 'Pagamento automático - Cargo: Dono (Offline)', 0.00, 0.00, '2025-07-19 03:17:36'),
	(69, 7, '', 150.00, NULL, 'Pagamento automático de salários (1 funcionários)', 0.00, 0.00, '2025-07-19 03:17:36'),
	(70, 7, '', 150.00, NULL, 'Pagamento automático - Cargo: Dono (Offline)', 0.00, 0.00, '2025-07-19 03:32:36'),
	(71, 7, '', 150.00, NULL, 'Pagamento automático de salários (1 funcionários)', 0.00, 0.00, '2025-07-19 03:32:36'),
	(72, 7, '', 150.00, NULL, 'Pagamento automático - Cargo: Dono (Offline)', 0.00, 0.00, '2025-07-19 03:47:36'),
	(73, 7, '', 150.00, NULL, 'Pagamento automático de salários (1 funcionários)', 0.00, 0.00, '2025-07-19 03:47:36'),
	(74, 7, '', 20.00, 1, 'Depósito por Rafa_Oliveira (Dono)', 0.00, 0.00, '2025-07-19 08:49:17'),
	(75, 7, 'retirada', 10.00, NULL, 'Retirada por Rafa_Oliveira', 0.00, 0.00, '2025-07-19 08:49:29'),
	(76, 7, '', 1000.00, 1, 'Depósito por Rafa_Oliveira (Dono)', 0.00, 0.00, '2025-07-19 08:58:40'),
	(77, 7, '', 10.00, 1, 'Depósito por Rafa_Oliveira (Dono)', 0.00, 0.00, '2025-07-19 10:55:30'),
	(78, 7, 'retirada', 20.00, NULL, 'Retirada por Rafa_Oliveira', 0.00, 0.00, '2025-07-19 10:55:41'),
	(79, 7, '', 10.00, NULL, 'Admin: ', 0.00, 0.00, '2025-07-19 10:57:32'),
	(80, 8, '', 10.00, 1, 'Depósito por Rafa_Oliveira (Dono)', 0.00, 0.00, '2025-07-19 10:58:45'),
	(81, 8, 'retirada', 10.00, NULL, 'Retirada por Rafa_Oliveira', 0.00, 0.00, '2025-07-19 10:58:54');

-- A despejar estrutura para tabela vorpcore_6eba9b.herbalists
CREATE TABLE IF NOT EXISTS `herbalists` (
  `identifier` varchar(50) CHARACTER SET utf8mb4 COLLATE utf8mb4_bin NOT NULL,
  `charidentifier` int(11) NOT NULL,
  `location` varchar(50) CHARACTER SET utf8mb4 COLLATE utf8mb4_bin NOT NULL,
  PRIMARY KEY (`identifier`) USING BTREE,
  UNIQUE KEY `identifier_charidentifier` (`identifier`,`charidentifier`) USING BTREE
) ENGINE=InnoDB DEFAULT CHARSET=utf8mb4 COLLATE=utf8mb4_general_ci ROW_FORMAT=DYNAMIC;

-- A despejar dados para tabela vorpcore_6eba9b.herbalists: ~0 rows (aproximadamente)

-- A despejar estrutura para tabela vorpcore_6eba9b.horse_complements
CREATE TABLE IF NOT EXISTS `horse_complements` (
  `identifier` varchar(50) DEFAULT NULL,
  `charidentifier` int(11) NOT NULL,
  `complements` longtext CHARACTER SET utf8mb4 COLLATE utf8mb4_bin NOT NULL,
  UNIQUE KEY `identifier` (`identifier`) USING BTREE
) ENGINE=InnoDB DEFAULT CHARSET=utf8mb4 COLLATE=utf8mb4_general_ci ROW_FORMAT=DYNAMIC;

-- A despejar dados para tabela vorpcore_6eba9b.horse_complements: ~5 rows (aproximadamente)
INSERT INTO `horse_complements` (`identifier`, `charidentifier`, `complements`) VALUES
	('1', 1, '[]'),
	('2', 2, '[491707272,3525692576]'),
	('3', 3, '[]'),
	('4', 4, '[]'),
	('5', 5, '[]');

-- A despejar estrutura para tabela vorpcore_6eba9b.housing
CREATE TABLE IF NOT EXISTS `housing` (
  `id` int(11) NOT NULL,
  `name` text NOT NULL,
  `identifier` varchar(255) DEFAULT NULL,
  `charidentifier` int(11) NOT NULL,
  `key` text NOT NULL,
  PRIMARY KEY (`id`) USING BTREE
) ENGINE=InnoDB DEFAULT CHARSET=utf8mb4 COLLATE=utf8mb4_general_ci ROW_FORMAT=DYNAMIC;

-- A despejar dados para tabela vorpcore_6eba9b.housing: ~11 rows (aproximadamente)
INSERT INTO `housing` (`id`, `name`, `identifier`, `charidentifier`, `key`) VALUES
	(105, 'Cabin at Lake O\'Creagh\'s', 'steam:11000010b4f2650', 4, 'hk_105'),
	(106, 'Cabin on the Southfield Plains', 'steam:11000015516cc97', 3, 'hk_106'),
	(115, 'Big Valley Farm House', 'steam:110000108c373d0', 2, 'hk_115'),
	(116, 'Cabin in the Aurora Basin', 'steam:110000108c373d0', 2, 'hk_116'),
	(117, 'House on the Little Creek River', 'steam:11000015516cc97', 3, 'hk_117'),
	(118, 'House on the outskirts of Blackwater', 'steam:11000010b4f2650', 4, 'hk_118'),
	(119, 'Cabin on the Little Creek River', 'steam:110000108c373d0', 2, 'hk_119'),
	(125, 'House in Cholla Springs', 'steam:11000015516cc97', 3, 'hk_125'),
	(126, 'North house in Tumbleweed', 'steam:11000010b4f2650', 4, 'hk_126'),
	(128, 'Brandywine Waterfall Cabin', 'steam:11000010b4f2650', 4, 'hk_128'),
	(131, 'Mansion Braithwaite', 'steam:110000108c373d0', 2, 'hk_131');

-- A despejar estrutura para tabela vorpcore_6eba9b.items
CREATE TABLE IF NOT EXISTS `items` (
  `item` varchar(50) NOT NULL,
  `label` varchar(50) NOT NULL,
  `limit` int(11) NOT NULL DEFAULT 1,
  `can_remove` tinyint(1) NOT NULL DEFAULT 1,
  `type` varchar(50) DEFAULT NULL,
  `usable` tinyint(1) DEFAULT NULL,
  `id` int(11) NOT NULL AUTO_INCREMENT,
  `groupId` int(10) unsigned NOT NULL DEFAULT 1 COMMENT 'Item Group ID for Filtering',
  `metadata` longtext CHARACTER SET utf8mb4 COLLATE utf8mb4_bin DEFAULT '{}',
  `desc` varchar(5550) NOT NULL DEFAULT 'nice item',
  `degradation` int(11) NOT NULL DEFAULT 0 COMMENT 'if 0 Item do not degrade use a positive number (in minutes) to enable degradation min is 1',
  `weight` decimal(20,2) NOT NULL DEFAULT 0.25,
  PRIMARY KEY (`item`) USING BTREE,
  UNIQUE KEY `id` (`id`) USING BTREE,
  KEY `FK_items_item_group` (`groupId`) USING BTREE,
  CONSTRAINT `FK_items_item_group` FOREIGN KEY (`groupId`) REFERENCES `item_group` (`id`) ON DELETE NO ACTION ON UPDATE NO ACTION,
  CONSTRAINT `metadata` CHECK (json_valid(`metadata`))
) ENGINE=InnoDB AUTO_INCREMENT=1917 DEFAULT CHARSET=utf8mb4 COLLATE=utf8mb4_general_ci ROW_FORMAT=DYNAMIC;

-- A despejar dados para tabela vorpcore_6eba9b.items: ~1 038 rows (aproximadamente)
INSERT INTO `items` (`item`, `label`, `limit`, `can_remove`, `type`, `usable`, `id`, `groupId`, `metadata`, `desc`, `degradation`, `weight`) VALUES
	('absinthe', 'Absinthe', 10, 1, 'item_standard', 1, 733, 1, '{}', 'An anise-flavoured spirit derived from several plants, including the flowers and leaves of Artemisia absinthium', 0, 0.25),
	('acid', 'Acid', 10, 1, 'item_standard', 1, 1, 1, '{}', 'A corrosive substance used for various purposes.', 0, 0.25),
	('Agarita', 'Agarita', 10, 1, 'item_standard', 1, 2, 1, '{}', 'A flowering plant found in the wild, known for its medicinal properties.', 0, 0.25),
	('Agarita_Seed', 'Agarita Seed', 10, 1, 'item_standard', 1, 3, 1, '{}', 'A seed that can be planted to grow Agarita plants.', 0, 0.25),
	('Alaskan_Ginseng', 'Alaskan Ginseng', 10, 1, 'item_standard', 1, 4, 1, '{}', 'A type of ginseng native to the Alaskan region, prized for its healing properties.', 0, 0.25),
	('Alaskan_Ginseng_Seed', 'Alaskan Ginseng Seed', 10, 1, 'item_standard', 1, 5, 1, '{}', 'A seed that can be planted to grow Alaskan Ginseng.', 0, 0.25),
	('alcohol', 'Alcohol', 10, 1, 'item_standard', 1, 6, 1, '{}', 'An intoxicating beverage consumed for recreational purposes.', 0, 0.25),
	('aligatormeat', 'Alligator Meat', 20, 1, 'item_standard', 1, 7, 1, '{}', 'Raw meat obtained from hunting alligators, suitable for cooking.', 0, 0.25),
	('aligators', 'Alligator Pelt', 20, 1, 'item_standard', 1, 8, 1, '{}', 'The skin of an alligator, commonly used for crafting and trading.', 0, 0.25),
	('aligatorto', 'Alligator Tooth', 20, 1, 'item_standard', 1, 9, 1, '{}', 'A tooth extracted from an alligator, sometimes used for decorative purposes.', 0, 0.25),
	('American_Ginseng', 'American Ginseng', 10, 1, 'item_standard', 1, 10, 1, '{}', 'A species of ginseng native to North America, valued for its medicinal properties.', 0, 0.25),
	('American_Ginseng_Seed', 'American Ginseng Seed', 10, 1, 'item_standard', 1, 11, 1, '{}', 'A seed that can be planted to grow American Ginseng.', 0, 0.25),
	('ammoarrowdynamite', 'Arrow Dynamite', 10, 1, 'item_standard', 1, 13, 1, '{}', 'An explosive arrow designed to cause significant damage upon impact.', 0, 0.25),
	('ammoarrowfire', 'Arrow Fire', 10, 1, 'item_standard', 1, 14, 1, '{}', 'An arrow equipped with a flaming tip, capable of setting targets on fire.', 0, 0.25),
	('ammoarrowimproved', 'Arrow Improved', 10, 1, 'item_standard', 1, 15, 1, '{}', 'An upgraded arrow with improved accuracy and damage.', 0, 0.25),
	('ammoarrownormal', 'Arrow Normal', 10, 1, 'item_standard', 1, 12, 1, '{}', 'A standard arrow used with bows for hunting and combat.', 0, 0.25),
	('ammoarrowpoison', 'Arrow Poison', 10, 1, 'item_standard', 1, 16, 1, '{}', 'An arrow coated with a poisonous substance, capable of inflicting additional damage over time.', 0, 0.25),
	('ammoarrowsmallgame', 'Arrow Small Game', 10, 1, 'item_standard', 1, 17, 1, '{}', 'A specialized arrow designed for hunting small game without damaging their pelts.', 0, 0.25),
	('ammobolahawk', 'Bola Ammo Hawk', 10, 1, 'item_standard', 1, 18, 1, '{}', 'A projectile consisting of weights attached to ropes, used to immobilize targets.', 0, 0.25),
	('ammobolainterwired', 'Bola Ammo Interwired', 10, 1, 'item_standard', 1, 19, 1, '{}', 'A reinforced bola ammunition with interwoven materials, providing enhanced durability.', 0, 0.25),
	('ammobolaironspiked', 'Bola Ammo Ironspiked', 10, 1, 'item_standard', 1, 20, 1, '{}', 'A bola ammunition featuring iron spikes, inflicting additional damage to immobilized targets.', 0, 0.25),
	('ammobolla', 'Bolla Ammo', 10, 1, 'item_standard', 1, 21, 1, '{}', 'A weighted throwing weapon used to ensnare and immobilize targets.', 0, 0.25),
	('ammodynamite', 'Dynamite Ammo', 10, 1, 'item_standard', 1, 22, 1, '{}', 'An explosive device with a short fuse, capable of causing significant damage.', 0, 0.25),
	('ammoelephant', 'Elephant Rifle Ammo', 10, 1, 'item_standard', 1, 23, 1, '{}', 'Ammunition specifically designed for powerful elephant rifles, providing superior stopping power.', 0, 0.25),
	('ammoknives', 'Knives Ammo', 10, 1, 'item_standard', 1, 24, 1, '{}', 'Ammunition for a throwing knife, used as a versatile and silent weapon.', 0, 0.25),
	('ammomolotov', 'Molotov Ammo', 10, 1, 'item_standard', 1, 25, 1, '{}', 'A glass bottle filled with flammable liquid, designed to burst into flames upon impact.', 0, 0.25),
	('ammopistolexplosive', 'Pistol Ammo Explosive', 10, 1, 'item_standard', 1, 26, 1, '{}', 'Ammunition for a pistol with explosive properties, causing significant damage upon impact.', 0, 0.25),
	('ammopistolexpress', 'Pistol Ammo Express', 10, 1, 'item_standard', 1, 27, 1, '{}', 'High-velocity ammunition specifically designed for pistols, providing increased range and damage.', 0, 0.25),
	('ammopistolnormal', 'Pistol Ammo Normal', 10, 1, 'item_standard', 1, 28, 1, '{}', 'Standard ammunition used with pistols for self-defense and combat.', 0, 0.25),
	('ammopistolsplitpoint', 'Pistol Ammo Splitpoint', 10, 1, 'item_standard', 1, 29, 1, '{}', 'Ammunition with a split point tip, designed to cause more damage and improve accuracy.', 0, 0.25),
	('ammopistolvelocity', 'Pistol Ammo Velocity', 10, 1, 'item_standard', 1, 30, 1, '{}', 'Ammunition designed to enhance the velocity and accuracy of pistol shots.', 0, 0.25),
	('ammopoisonbottle', 'Poison Bottle Ammo', 10, 1, 'item_standard', 1, 31, 1, '{}', 'A glass bottle filled with a poisonous substance, used to coat weapons and inflict additional damage.', 0, 0.25),
	('ammorepeaterexplosive', 'Repeater Ammo Explosive', 10, 1, 'item_standard', 1, 32, 1, '{}', 'Ammunition for a repeater rifle with explosive properties, causing significant damage upon impact.', 0, 0.25),
	('ammorepeaterexpress', 'Repeater Ammo Express', 10, 1, 'item_standard', 1, 33, 1, '{}', 'High-velocity ammunition specifically designed for repeater rifles, providing increased range and damage.', 0, 0.25),
	('ammorepeaternormal', 'Repeater Ammo Normal', 10, 1, 'item_standard', 1, 34, 1, '{}', 'Standard ammunition used with repeater rifles for self-defense and combat.', 0, 0.25),
	('ammorepeatersplitpoint', 'Repeater Ammo Splitpoint', 10, 1, 'item_standard', 1, 35, 1, '{}', 'Ammunition with a split point tip, designed to cause more damage and improve accuracy when used with repeater rifles.', 0, 0.25),
	('ammorepeatervelocity', 'Repeater Ammo Velocity', 10, 1, 'item_standard', 1, 36, 1, '{}', 'Ammunition designed to enhance the velocity and accuracy of repeater rifle shots.', 0, 0.25),
	('ammorevolverexplosive', 'Revolver Ammo Explosive', 10, 1, 'item_standard', 1, 37, 1, '{}', 'Ammunition for a revolver with explosive properties, causing significant damage upon impact.', 0, 0.25),
	('ammorevolverexpress', 'Revolver Ammo Express', 10, 1, 'item_standard', 1, 38, 1, '{}', 'High-velocity ammunition specifically designed for revolvers, providing increased range and damage.', 0, 0.25),
	('ammorevolvernormal', 'Revolver Ammo Normal', 10, 1, 'item_standard', 1, 39, 1, '{}', 'Standard ammunition used with revolvers for self-defense and combat.', 0, 0.25),
	('ammorevolversplitpoint', 'Revolver Ammo Splitpoint', 10, 1, 'item_standard', 1, 40, 1, '{}', 'Ammunition with a split point tip, designed to cause more damage and improve accuracy when used with revolvers.', 0, 0.25),
	('ammorevolvervelocity', 'Revolver Ammo Velocity', 10, 1, 'item_standard', 1, 41, 1, '{}', 'Ammunition designed to enhance the velocity and accuracy of revolver shots.', 0, 0.25),
	('ammorifleexplosive', 'Rifle Ammo Explosive', 10, 1, 'item_standard', 1, 42, 1, '{}', 'Ammunition for a rifle with explosive properties, causing significant damage upon impact.', 0, 0.25),
	('ammorifleexpress', 'Rifle Ammo Express', 10, 1, 'item_standard', 1, 43, 1, '{}', 'High-velocity ammunition specifically designed for rifles, providing increased range and damage.', 0, 0.25),
	('ammoriflenormal', 'Rifle Ammo Normal', 10, 1, 'item_standard', 1, 44, 1, '{}', 'Standard ammunition used with rifles for self-defense and combat.', 0, 0.25),
	('ammoriflesplitpoint', 'Rifle Ammo Splitpoint', 10, 1, 'item_standard', 1, 45, 1, '{}', 'Ammunition with a split point tip, designed to cause more damage and improve accuracy when used with rifles.', 0, 0.25),
	('ammoriflevelocity', 'Rifle Ammo Velocity', 10, 1, 'item_standard', 1, 46, 1, '{}', 'Ammunition designed to enhance the velocity and accuracy of rifle shots.', 0, 0.25),
	('ammoshotgunexplosive', 'Shotgun Ammo Explosive', 10, 1, 'item_standard', 1, 47, 1, '{}', 'Ammunition for a shotgun with explosive properties, causing significant damage upon impact.', 0, 0.25),
	('ammoshotgunincendiary', 'Shotgun Ammo Incendiary', 10, 1, 'item_standard', 1, 48, 1, '{}', 'Ammunition designed to ignite targets, causing them to burst into flames.', 0, 0.25),
	('ammoshotgunnormal', 'Shotgun Ammo Normal', 10, 1, 'item_standard', 1, 49, 1, '{}', 'Standard ammunition used with shotguns for self-defense and combat.', 0, 0.25),
	('ammoshotgunslug', 'Shotgun Ammo Slug', 10, 1, 'item_standard', 1, 50, 1, '{}', 'Ammunition with a single solid projectile, offering increased accuracy and range for shotguns.', 0, 0.25),
	('ammotomahawk', 'Tomahawk Ammo', 10, 1, 'item_standard', 1, 51, 1, '{}', 'Ammo used for Tomahawk throwing weapons', 0, 0.25),
	('ammovarmint', 'Varmint Ammo', 10, 1, 'item_standard', 1, 52, 1, '{}', 'Ammo used for Varmint rifles', 0, 0.25),
	('ammovarminttranq', 'Varmint Tranquilizer Ammo', 10, 1, 'item_standard', 1, 53, 1, '{}', 'Ammo used for tranquilizing animals with Varmint rifles', 0, 0.25),
	('ammovoldynamite', 'Volatile Dynamite Ammo', 10, 1, 'item_standard', 1, 54, 1, '{}', 'Ammo used for crafting Volatile Dynamite', 0, 0.25),
	('ammovolmolotov', 'Volatile Molotov Ammo', 10, 1, 'item_standard', 1, 55, 1, '{}', 'Ammo used for crafting Volatile Molotovs', 0, 0.25),
	('animal_crawfish', 'Crawfish', 10, 1, 'item_standard', 1, 958, 1, '{}', 'A small freshwater crustacean.', 0, 0.25),
	('antidote', 'Antidote', 5, 1, 'item_standard', 1, 1066, 1, '{}', 'A remedy to cure sickness.', 0, 0.25),
	('antipoison', 'Antipoison', 20, 1, 'item_standard', 1, 56, 1, '{}', 'A medicine used to counteract the effects of poison', 0, 0.25),
	('antipoison2', 'Anti Snake Poison', 20, 1, 'item_standard', 1, 57, 1, '{}', 'A poison used to fend off snakes', 0, 0.25),
	('apple', 'Apple', 20, 1, 'item_standard', 1, 58, 1, '{}', 'A juicy and delicious fruit', 0, 0.25),
	('applebarrel', 'Apple Barrel', 20, 1, 'item_standard', 1, 59, 1, '{}', 'A barrel filled with fresh apples', 0, 0.25),
	('applebasket', 'Apple Basket', 20, 1, 'item_standard', 1, 60, 1, '{}', 'A basket filled with fresh apples', 0, 0.25),
	('appleCrumbMash', 'Minty Berry Mash', 10, 1, 'item_standard', 1, 61, 1, '{}', 'A mashed mixture of mint and berries used for crafting Moonshine', 0, 0.25),
	('appleCrumbMoonshine', 'Minty Berry Moonshine', 10, 1, 'item_standard', 1, 62, 1, '{}', 'A strong alcoholic beverage made from mint and berries', 0, 0.25),
	('apple_barrel', 'Apple Barrel', 20, 1, 'item_standard', 1, 63, 1, '{}', 'A barrel filled with fresh apples', 0, 0.25),
	('apple_basket', 'Apple Basket', 20, 1, 'item_standard', 1, 64, 1, '{}', 'A basket filled with fresh apples', 0, 0.25),
	('Apple_Seed', 'Apple Seed', 10, 1, 'item_standard', 1, 65, 1, '{}', 'A seed used for growing apple trees', 0, 0.25),
	('armadilloc', 'Armadillo Claws', 20, 1, 'item_standard', 1, 66, 1, '{}', 'Sharp claws harvested from an Armadillo', 0, 0.25),
	('armadillos', 'Armadillo Pelt', 20, 1, 'item_standard', 1, 67, 1, '{}', 'A pelt taken from an Armadillo', 0, 0.25),
	('asnakes', 'Copperhead Snake pelt', 20, 1, 'item_standard', 1, 68, 1, '{}', 'A valuable pelt from a Copperhead Snake.', 0, 0.25),
	('a_c_fishbluegil_01_ms', 'Bluegill (Medium)', 10, 1, 'item_standard', 1, 69, 1, '{}', 'A medium-sized Bluegill fish.', 0, 0.25),
	('a_c_fishbluegil_01_sm', 'Bluegill (Small)', 10, 1, 'item_standard', 1, 70, 1, '{}', 'A small-sized Bluegill fish.', 0, 0.25),
	('a_c_fishbullheadcat_01_ms', 'Bullhead Catfish (Medium)', 10, 1, 'item_standard', 1, 71, 1, '{}', 'A medium-sized Bullhead Catfish.', 0, 0.25),
	('a_c_fishbullheadcat_01_sm', 'Bullhead Catfish (Small)', 10, 1, 'item_standard', 1, 72, 1, '{}', 'A small-sized Bullhead Catfish.', 0, 0.25),
	('a_c_fishchainpickerel_01_ms', 'Chain Pickerel (Medium)', 10, 1, 'item_standard', 1, 73, 1, '{}', 'A medium-sized Chain Pickerel.', 0, 0.25),
	('a_c_fishchainpickerel_01_sm', 'Chain Pickerel (Small)', 10, 1, 'item_standard', 1, 74, 1, '{}', 'A small-sized Chain Pickerel.', 0, 0.25),
	('a_c_fishchannelcatfish_01_lg', 'Channel Catfish (Large)', 10, 1, 'item_standard', 1, 1417, 1, '{}', 'A large-sized Channel Catfish.', 0, 0.25),
	('a_c_fishchannelcatfish_01_xl', 'Channel Catfish (XL)', 10, 1, 'item_standard', 1, 1418, 1, '{}', 'An extra-large Channel Catfish.', 0, 0.25),
	('a_c_fishlakesturgeon_01_lg', 'Lake Sturgeon', 10, 1, 'item_standard', 1, 1419, 1, '{}', 'A large Lake Sturgeon.', 0, 0.25),
	('a_c_fishlargemouthbass_01_lg', 'Largemouth Bass (Large)', 10, 1, 'item_standard', 1, 1420, 1, '{}', 'A large Largemouth Bass.', 0, 0.25),
	('a_c_fishlargemouthbass_01_ms', 'Largemouth Bass (Medium)', 10, 1, 'item_standard', 1, 75, 1, '{}', 'A medium-sized Largemouth Bass.', 0, 0.25),
	('a_c_fishlongnosegar_01_lg', 'Longnose Gar', 10, 1, 'item_standard', 1, 1421, 1, '{}', 'A large Longnose Gar.', 0, 0.25),
	('a_c_fishmuskie_01_lg', 'Muskie', 10, 1, 'item_standard', 1, 1422, 1, '{}', 'A large Muskie.', 0, 0.25),
	('a_c_fishnorthernpike_01_lg', 'Northern Pike', 10, 1, 'item_standard', 1, 1423, 1, '{}', 'A large Northern Pike.', 0, 0.25),
	('a_c_fishperch_01_ms', 'Perch (Medium)', 10, 1, 'item_standard', 1, 76, 1, '{}', 'A medium-sized Perch.', 0, 0.25),
	('a_c_fishperch_01_sm', 'Perch (Small)', 10, 1, 'item_standard', 1, 77, 1, '{}', 'A small-sized Perch.', 0, 0.25),
	('a_c_fishrainbowtrout_01_lg', 'Rainbow Trout (Large)', 10, 1, 'item_standard', 1, 1424, 1, '{}', 'A large Rainbow Trout.', 0, 0.25),
	('a_c_fishrainbowtrout_01_ms', 'Rainbow Trout (Medium)', 10, 1, 'item_standard', 1, 78, 1, '{}', 'A medium-sized Rainbow Trout.', 0, 0.25),
	('a_c_fishredfinpickerel_01_ms', 'Redfin Pickerel (Medium)', 10, 1, 'item_standard', 1, 79, 1, '{}', 'A medium-sized Redfin Pickerel.', 0, 0.25),
	('a_c_fishredfinpickerel_01_sm', 'Redfin Pickerel (Small)', 10, 1, 'item_standard', 1, 80, 1, '{}', 'A small-sized Redfin Pickerel.', 0, 0.25),
	('a_c_fishrockbass_01_ms', 'Rock Bass (Medium)', 10, 1, 'item_standard', 1, 81, 1, '{}', 'A medium-sized Rock Bass.', 0, 0.25),
	('a_c_fishrockbass_01_sm', 'Rock Bass (Small)', 10, 1, 'item_standard', 1, 82, 1, '{}', 'A small-sized Rock Bass.', 0, 0.25),
	('a_c_fishsalmonsockeye_01_lg', 'Sockeye Salmon (Large)', 10, 1, 'item_standard', 1, 1425, 1, '{}', 'A large Sockeye Salmon.', 0, 0.25),
	('a_c_fishsalmonsockeye_01_ml', 'Sockeye Salmon (Medium-Large)', 10, 1, 'item_standard', 1, 1426, 1, '{}', 'A medium-large Sockeye Salmon.', 0, 0.25),
	('a_c_fishsalmonsockeye_01_ms', 'Sockeye Salmon (Medium)', 10, 1, 'item_standard', 1, 83, 1, '{}', 'A medium-sized Sockeye Salmon.', 0, 0.25),
	('a_c_fishsmallmouthbass_01_lg', 'Smallmouth Bass (Large)', 10, 1, 'item_standard', 1, 1427, 1, '{}', 'A large Smallmouth Bass.', 0, 0.25),
	('a_c_fishsmallmouthbass_01_ms', 'Smallmouth Bass (Medium)', 10, 1, 'item_standard', 1, 84, 1, '{}', 'A medium-sized Smallmouth Bass.', 0, 0.25),
	('bacon', 'Bacon', 10, 1, 'item_standard', 1, 734, 1, '{}', 'Bacon what else do you need to know?', 0, 0.25),
	('badgers', 'Badger skin', 20, 1, 'item_standard', 1, 85, 1, '{}', 'Skin obtained from a badger.', 0, 0.25),
	('bait', 'Bait', 20, 1, 'item_standard', 1, 86, 1, '{}', 'Used as bait to attract fish while fishing.', 0, 0.25),
	('banana', 'Banana', 20, 1, 'item_standard', 1, 87, 1, '{}', 'A delicious and nutritious tropical fruit.', 0, 0.25),
	('Bandage', 'Bandage', 10, 1, 'item_standard', 1, 88, 1, '{}', '', 0, 0.25),
	('bandage_2', 'Bandage', 20, 1, 'item_standard', 1, 89, 1, '{}', 'A medical item used to dress wounds.', 0, 0.25),
	('barrel', 'Barrel', 5, 1, 'item_standard', 1, 90, 1, '{}', 'A container made of wood or metal used for storing or transporting goods.', 0, 0.25),
	('bat_c', 'Bat', 20, 1, 'item_standard', 1, 91, 1, '{}', 'A flying mammal known for its nocturnal habits.', 0, 0.25),
	('Bay_Bolete', 'Bay Bolete', 10, 1, 'item_standard', 1, 92, 1, '{}', 'An edible mushroom with a brown cap and yellow pores.', 0, 0.25),
	('Bay_Bolete_Seed', 'Bay Bolete Seed', 10, 1, 'item_standard', 1, 93, 1, '{}', 'A seed that can be planted to grow Bay Bolete mushrooms.', 0, 0.25),
	('bbears', 'Black Bear skin', 20, 1, 'item_standard', 1, 94, 1, '{}', 'Skin obtained from a black bear.', 0, 0.25),
	('bbirdb', 'Cormorant beak', 20, 1, 'item_standard', 1, 95, 1, '{}', 'Beak obtained from a cormorant bird.', 0, 0.25),
	('bbirdf', 'Cormorant feather', 20, 1, 'item_standard', 1, 96, 1, '{}', 'Feather obtained from a cormorant bird.', 0, 0.25),
	('bcandle', 'Bottle Candle', 20, 1, 'item_standard', 1, 97, 1, '{}', 'A candle made from a glass bottle.', 0, 0.25),
	('bcc_clean_bottle', 'Clean Water Bottle', 15, 1, 'item_standard', 1, 1064, 1, '{}', 'A bottle filled with clean water.', 0, 0.25),
	('bcc_coal', 'Coal', 50, 1, 'item_standard', 1, 1415, 1, '{}', 'Fuel for steam engines.', 0, 0.25),
	('bcc_dirty_bottle', 'Dirty Water Bottle', 15, 1, 'item_standard', 1, 1065, 1, '{}', 'A bottle filled with dirty water.', 0, 0.25),
	('bcc_empty_bottle', 'Empty Bottle', 15, 1, 'item_standard', 1, 1063, 1, '{}', 'An empty bottle.', 0, 0.25),
	('bcc_repair_hammer', 'Repair Hammer', 1, 1, 'item_standard', 1, 1416, 1, '{}', 'Tool used for repairs.', 0, 0.25),
	('bearbench', 'Bear Bench', 20, 1, 'item_standard', 1, 98, 1, '{}', 'A bench made from the hide and bones of a bear.', 0, 0.25),
	('bearc', 'Bear claws', 20, 1, 'item_standard', 1, 99, 1, '{}', 'Sharp claws obtained from a bear.', 0, 0.25),
	('beart', 'Bear tooth', 20, 1, 'item_standard', 1, 100, 1, '{}', 'A tooth obtained from a bear.', 0, 0.25),
	('beartrap', 'Beartrap', 10, 1, 'item_standard', 1, 735, 1, '{}', 'A sturdy beartrap used for catching animals or stopping trespassers', 0, 0.25),
	('bear_bench', 'Bear Bench', 20, 1, 'item_standard', 1, 101, 1, '{}', 'A bench made from the hide and bones of a bear.', 0, 0.25),
	('beavertail', 'Beaver tail', 20, 1, 'item_standard', 1, 102, 1, '{}', 'A flat and scaly tail obtained from a beaver.', 0, 0.25),
	('beawers', 'Beaver pelt', 20, 1, 'item_standard', 1, 103, 1, '{}', 'A pelt obtained from a beaver.', 0, 0.25),
	('beef', 'Beef', 20, 1, 'item_standard', 1, 104, 1, '{}', 'Fresh and tender beef meat.', 0, 0.25),
	('beefjerky', 'Beef Jerky', 20, 1, 'item_standard', 1, 105, 1, '{}', 'Dried and seasoned beef meat.', 0, 0.25),
	('beer', 'Beer', 10, 1, 'item_standard', 1, 106, 1, '{}', 'An alcoholic beverage brewed from grains.', 0, 0.25),
	('beerbox', 'Beer Box', 20, 1, 'item_standard', 1, 107, 1, '{}', 'A container holding multiple bottles of beer.', 0, 0.25),
	('bigchest', 'Big Chest', 1, 1, 'item_standard', 1, 108, 1, '{}', 'A large chest for storing items.', 0, 0.25),
	('biggame', 'Big Game Meat', 20, 1, 'item_standard', 1, 109, 1, '{}', 'Meat obtained from a large game animal.', 0, 0.25),
	('Big_Leather', 'Big Leather', 10, 1, 'item_standard', 1, 110, 1, '{}', 'Large piece of leather.', 0, 0.25),
	('bird', 'Bird Meat', 20, 1, 'item_standard', 1, 111, 1, '{}', 'Meat obtained from a bird.', 0, 0.25),
	('biscuitbox', 'Biscuitbox', 10, 1, 'item_standard', 1, 736, 1, '{}', 'A box of assorted biscuits.', 0, 0.25),
	('bisonhorn', 'Bison horn', 20, 1, 'item_standard', 1, 112, 1, '{}', 'A horn obtained from a bison.', 0, 0.25),
	('bisons', 'Bison pelt', 20, 1, 'item_standard', 1, 113, 1, '{}', 'A pelt obtained from a bison.', 0, 0.25),
	('Bitter_Weed', 'Bitter Weed', 10, 1, 'item_standard', 1, 114, 1, '{}', 'A type of bitter herb.', 0, 0.25),
	('Bitter_Weed_Seed', 'Bitter Weed Seed', 10, 1, 'item_standard', 1, 115, 1, '{}', 'A seed that can be planted to grow bitter weed.', 0, 0.25),
	('blackberryale', 'Black Berry Ale', 10, 1, 'item_standard', 1, 116, 1, '{}', 'An ale made from blackberries.', 0, 0.25),
	('Black_Berry', 'Black Berry', 10, 1, 'item_standard', 1, 117, 1, '{}', 'A small and sweet black-colored berry.', 0, 0.25),
	('Black_Berry_Seed', 'Black Berry Seed', 10, 1, 'item_standard', 1, 118, 1, '{}', 'A seed that can be planted to grow blackberries.', 0, 0.25),
	('Black_Currant', 'Black Currant', 10, 1, 'item_standard', 1, 119, 1, '{}', 'A small dark purple berry with a tart flavor.', 0, 0.25),
	('Black_Currant_Seed', 'Black Currant Seed', 10, 1, 'item_standard', 1, 120, 1, '{}', 'A seed that can be planted to grow black currants.', 0, 0.25),
	('blanketbox', 'Blanket Box', 20, 1, 'item_standard', 1, 121, 1, '{}', 'A box used for storing blankets.', 0, 0.25),
	('blanket_box', 'Blanket Box', 20, 1, 'item_standard', 1, 122, 1, '{}', 'A box used for storing blankets.', 0, 0.25),
	('Blood_Flower', 'Blood Flower', 10, 1, 'item_standard', 1, 123, 1, '{}', 'A type of flower with red petals.', 0, 0.25),
	('Blood_Flower_Seed', 'Blood Flower Seed', 10, 1, 'item_standard', 1, 124, 1, '{}', 'A seed that can be planted to grow blood flowers.', 0, 0.25),
	('blueberry', 'Blueberry', 10, 1, 'item_standard', 1, 125, 1, '{}', 'A small sweet fruit with a bluish color.', 0, 0.25),
	('bluejay_c', 'Blue jay', 20, 1, 'item_standard', 1, 126, 1, '{}', 'A colorful bird known as blue jay.', 0, 0.25),
	('bmdresser', 'brown mirror dresser', 20, 1, 'item_standard', 1, 127, 1, '{}', 'A dresser with a brown mirror.', 0, 0.25),
	('boarmusk', 'Boar tusk', 20, 1, 'item_standard', 1, 128, 1, '{}', 'A large tusk obtained from a boar.', 0, 0.25),
	('boars', 'Boar pelt', 20, 1, 'item_standard', 1, 129, 1, '{}', 'A pelt obtained from a boar.', 0, 0.25),
	('boaskin', 'Boa Snake pelt', 20, 1, 'item_standard', 1, 130, 1, '{}', 'A snake skin obtained from a boa.', 0, 0.25),
	('boiledegg', 'Boiled Egg', 10, 1, 'item_standard', 1, 131, 1, '{}', 'An egg cooked by boiling.', 0, 0.25),
	('bolts', 'Bolts', 10, 1, 'item_standard', 1, 737, 1, '{}', 'Metal bolts often used in construction.', 0, 0.25),
	('boobyb', 'Red-footed booby beak', 20, 1, 'item_standard', 1, 132, 1, '{}', 'A beak obtained from a red-footed booby bird.', 0, 0.25),
	('boobyf', 'Red-footed booby feather', 20, 1, 'item_standard', 1, 133, 1, '{}', 'A feather obtained from a red-footed booby bird.', 0, 0.25),
	('book', 'Book', 5, 1, 'item_standard', 1, 134, 1, '{}', 'A written or printed work consisting of pages.', 0, 0.25),
	('bountylicns', 'Bounty Hunter License', 10, 1, 'item_standard', 1, 135, 1, '{}', 'A license granting permission to be a bounty hunter.', 0, 0.25),
	('bouquet', 'Bouquet', 1, 1, 'item_standard', 1, 136, 1, '{}', 'A collection of flowers arranged in an artistic way.', 0, 0.25),
	('bparrotb', 'Parrot beak', 20, 1, 'item_standard', 1, 137, 1, '{}', 'A beak obtained from a parrot.', 0, 0.25),
	('bparrotf', 'Parrot feather', 20, 1, 'item_standard', 1, 138, 1, '{}', 'A feather obtained from a parrot.', 0, 0.25),
	('brokenpearlnecklace', 'Broken Pearl Necklace', 10, 1, 'item_standard', 1, 738, 1, '{}', 'A broken pearl necklace.', 0, 0.25),
	('buckantler', 'Buck Antlers', 20, 1, 'item_standard', 1, 139, 1, '{}', 'Antlers obtained from a buck.', 0, 0.25),
	('bucks', 'Buck skin', 20, 1, 'item_standard', 1, 140, 1, '{}', 'A pelt obtained from a buck.', 0, 0.25),
	('bullhorn', 'Bull horn', 20, 1, 'item_standard', 1, 141, 1, '{}', 'A horn obtained from a bull.', 0, 0.25),
	('bulls', 'Bull pelt', 20, 1, 'item_standard', 1, 142, 1, '{}', 'A pelt obtained from a bull.', 0, 0.25),
	('Bulrush', 'Bulrush', 10, 1, 'item_standard', 1, 143, 1, '{}', 'A type of tall wetland plant.', 0, 0.25),
	('Bulrush_Seed', 'Bulrush Seed', 10, 1, 'item_standard', 1, 144, 1, '{}', 'A seed that can be planted to grow bulrushes.', 0, 0.25),
	('bunkbed', 'bunk bed', 20, 1, 'item_standard', 1, 145, 1, '{}', 'A bed with two tiers, designed for multiple occupants.', 0, 0.25),
	('Burdock_Root', 'Burdock Root', 10, 1, 'item_standard', 1, 146, 1, '{}', 'The root of a burdock plant, often used for medicinal purposes.', 0, 0.25),
	('Burdock_Root_Seed', 'Burdock Root Seed', 10, 1, 'item_standard', 1, 147, 1, '{}', 'A seed that can be planted to grow burdock roots.', 0, 0.25),
	('butchertable1', 'Small Butcher Table', 20, 1, 'item_standard', 1, 148, 1, '{}', 'A small table used for butchering animals.', 0, 0.25),
	('butchertable2', 'Medium Butcher Table', 20, 1, 'item_standard', 1, 149, 1, '{}', 'A medium-sized table used for butchering animals.', 0, 0.25),
	('butchertable3', 'Large Butcher Table', 20, 1, 'item_standard', 1, 150, 1, '{}', 'A large table used for butchering animals.', 0, 0.25),
	('bwdresser', 'brown wood dresser', 20, 1, 'item_standard', 1, 151, 1, '{}', 'A dresser made of brown wood.', 0, 0.25),
	('camera', 'Camera', 1, 1, 'item_standard', 1, 152, 1, '{}', 'A device used to capture photographs.', 0, 0.25),
	('campfire', 'Campfire', 5, 1, 'item_standard', 1, 153, 1, '{}', 'A fire pit used for cooking and warmth during camping.', 0, 0.25),
	('candlea', 'Candle', 20, 1, 'item_standard', 1, 154, 1, '{}', 'A wax candle that provides light.', 0, 0.25),
	('cane', 'Cane', 1, 1, 'item_standard', 1, 155, 1, '{}', 'A walking stick for support and stability.', 0, 0.25),
	('canteen', 'Canteen', 1, 1, 'item_standard', 1, 1062, 1, '{}', 'A portable container to carry water.', 0, 0.25),
	('cardinal_c', 'Cardinal bird', 20, 1, 'item_standard', 1, 156, 1, '{}', 'A small, colorful bird known for its distinctive crest.', 0, 0.25),
	('Cardinal_Flower', 'Cardinal Flower', 10, 1, 'item_standard', 1, 157, 1, '{}', 'A vibrant red flower often found near water.', 0, 0.25),
	('Cardinal_Flower_Seed', 'Cardinal Flower Seed', 10, 1, 'item_standard', 1, 158, 1, '{}', 'A seed that can be planted to grow Cardinal Flowers.', 0, 0.25),
	('carrots', 'Carrot', 10, 1, 'item_standard', 1, 159, 1, '{}', 'An orange root vegetable commonly used in cooking.', 0, 0.25),
	('cedarwaxwing_c', 'Cedar waxwing', 20, 1, 'item_standard', 1, 160, 1, '{}', 'A medium-sized bird with a distinctive crest and red tips on its wings.', 0, 0.25),
	('Chanterelles', 'Chanterelles', 10, 1, 'item_standard', 1, 161, 1, '{}', 'A type of edible mushroom with a fruity aroma.', 0, 0.25),
	('Chanterelles_Seed', 'Chanterelles Seed', 10, 1, 'item_standard', 1, 162, 1, '{}', 'A seed that can be planted to grow Chanterelles mushrooms.', 0, 0.25),
	('char', 'Char', 10, 1, 'item_standard', 0, 163, 1, '{}', 'A type of fish commonly found in cold, deep lakes and rivers.', 0, 0.25),
	('cheesecake', 'Cheesecake', 10, 1, 'item_standard', 1, 739, 1, '{}', 'A tasty cheesecake.', 0, 0.25),
	('chestc', 'Chest C', 20, 1, 'item_standard', 1, 164, 1, '{}', 'A storage container used to store items securely.', 0, 0.25),
	('chewingtobacco', 'Chewing Tobacco', 20, 1, 'item_standard', 1, 165, 1, '{}', 'A form of tobacco that is chewed rather than smoked.', 0, 0.25),
	('chickenf', 'Chicken feather', 20, 1, 'item_standard', 1, 166, 1, '{}', 'A feather obtained from a chicken.', 0, 0.25),
	('chickenheart', 'Chicken heart', 20, 1, 'item_standard', 1, 167, 1, '{}', 'The internal organ of a chicken.', 0, 0.25),
	('chipmunk_c', 'Chipmunk', 20, 1, 'item_standard', 1, 168, 1, '{}', 'A small, striped rodent known for its burrowing habits.', 0, 0.25),
	('chococake', 'Chocolate Cake', 10, 1, 'item_standard', 1, 740, 1, '{}', 'A tasty chocolate cake.', 0, 0.25),
	('Choc_Daisy', 'Choc Daisy', 10, 1, 'item_standard', 1, 169, 1, '{}', 'A beautiful Choc Daisy.', 0, 0.25),
	('Choc_Daisy_Seed', 'Choc Daisy Seed', 10, 1, 'item_standard', 1, 170, 1, '{}', 'A seed to grow Choc Daisies.', 0, 0.25),
	('cigar', 'Cigar', 20, 1, 'item_standard', 1, 171, 1, '{}', 'A fine cigar for relaxing.', 0, 0.25),
	('cigarette', 'Cigarette', 20, 1, 'item_standard', 1, 172, 1, '{}', 'A cigarette for a quick smoke.', 0, 0.25),
	('cigarettefilter', 'Cig Filter', 20, 1, 'item_standard', 1, 173, 1, '{}', 'A filter for cigarettes.', 0, 0.25),
	('cinematicket', 'Ticket', 2, 1, 'item_standard', 0, 174, 1, '{}', 'A ticket for a movie or event.', 0, 0.25),
	('clay', 'Clay', 20, 1, 'item_standard', 1, 175, 1, '{}', 'A block of clay for crafting.', 0, 0.25),
	('cleanser', 'Cleanser', 5, 1, 'item_standard', 1, 176, 1, '{}', 'A cleanser for various uses.', 0, 0.25),
	('cloth', 'Cloth', 10, 1, 'item_standard', 1, 741, 1, '{}', 'Simple cloth with many uses.', 0, 0.25),
	('clothbench', 'Cloth Bench', 20, 1, 'item_standard', 1, 177, 1, '{}', 'A bench made of cloth material.', 0, 0.25),
	('clothesline', 'Clothes Line', 20, 1, 'item_standard', 1, 178, 1, '{}', 'A line for hanging clothes.', 0, 0.25),
	('clothes_line', 'Clothes Line', 20, 1, 'item_standard', 1, 179, 1, '{}', 'A line for hanging clothes.', 0, 0.25),
	('cloth_bench', 'Cloth Bench', 20, 1, 'item_standard', 1, 180, 1, '{}', 'A bench made of cloth material.', 0, 0.25),
	('coal', 'Coal', 20, 1, 'item_standard', 1, 181, 1, '{}', 'A chunk of coal for fuel.', 0, 0.25),
	('cockc', 'Rooster claws', 20, 1, 'item_standard', 1, 182, 1, '{}', 'Claws from a rooster.', 0, 0.25),
	('cockf', 'Rooster feather', 20, 1, 'item_standard', 1, 183, 1, '{}', 'Feathers from a rooster.', 0, 0.25),
	('cocoa', 'Cocoa', 20, 1, 'item_standard', 1, 184, 1, '{}', 'Cocoa beans for making chocolate.', 0, 0.25),
	('cocoaseeds', 'Cocoa Seeds', 10, 1, 'item_standard', 1, 185, 1, '{}', 'Seeds to grow cocoa plants.', 0, 0.25),
	('coffeebeans', 'Coffee Beans', 10, 1, 'item_standard', 1, 742, 1, '{}', 'Coffee beans for making that beautiful brew.', 0, 0.25),
	('coffeefilter', 'Coffee Filter', 10, 1, 'item_standard', 1, 743, 1, '{}', 'A simple coffee filter.', 0, 0.25),
	('coffindecor', 'Coffin Decor', 20, 1, 'item_standard', 1, 186, 1, '{}', 'Decorations for a coffin.', 0, 0.25),
	('collector_fossil_bivalve', 'Bivalve Fossil', 10, 1, 'item_standard', 1, 744, 1, '{}', 'A common fossilized mollusc, badly worn.', 0, 0.25),
	('collector_fossil_brachiopod', 'Brachiopod Fossil', 10, 1, 'item_standard', 1, 745, 1, '{}', 'A common Brachiopod fossil with some chips and scrapes.', 0, 0.25),
	('collector_fossil_brow_horn', 'Brow Horn Fossil', 10, 1, 'item_standard', 1, 746, 1, '{}', 'A rare fossilized brow horn, believed to have belonged to a Triceratops.', 0, 0.25),
	('collector_fossil_cephalopod', 'Cephalopod Fossil', 10, 1, 'item_standard', 1, 747, 1, '{}', 'A common cephalopod fossil. Slightly damaged and brittle.', 0, 0.25),
	('collector_fossil_coral', 'Agatized Coral Fossil', 10, 1, 'item_standard', 1, 748, 1, '{}', 'A common piece of agatized coral, weather-beaten but still striking.', 0, 0.25),
	('collector_fossil_neo', 'Neospirifer Fossil', 10, 1, 'item_standard', 1, 749, 1, '{}', 'A common Neospirifer fossil, millions of years old. Good condition.', 0, 0.25),
	('collector_fossil_pet_wood', 'Common Petrified Wood Fossil', 10, 1, 'item_standard', 1, 750, 1, '{}', 'A common chunk of wood turned to stone over the years.', 0, 0.25),
	('collector_fossil_pet_wood_rainbow', 'Rainbow Petrified Wood Fossil', 10, 1, 'item_standard', 1, 751, 1, '{}', 'An uncommon piece of petrified wood filled with multicolored crystals.', 0, 0.25),
	('collector_fossil_pet_wood_yellow_cat', 'Yellow Cat Petrified Wood Fossil', 10, 1, 'item_standard', 1, 752, 1, '{}', 'An uncommon lump of petrified wood featuring bright red and yellow colors.', 0, 0.25),
	('collector_fossil_sea_lily', 'Sea Lily Fossil', 10, 1, 'item_standard', 1, 753, 1, '{}', 'An uncommon fossilized crinoid, a marine animal millions of years old.', 0, 0.25),
	('collector_fossil_sea_scorpion', 'Sea Scorpion Fossil', 10, 1, 'item_standard', 1, 754, 1, '{}', 'An uncommon eurypterid fossil in good condition.', 0, 0.25),
	('collector_fossil_stone', 'Petoskey Stone Fossil', 10, 1, 'item_standard', 1, 755, 1, '{}', 'A common rock made of fossilized coral. Unpolished.', 0, 0.25),
	('collector_fossil_tail_spike', 'Tail Spike Fossil', 10, 1, 'item_standard', 1, 756, 1, '{}', 'A rare fossilized tail spike, thought to have belonged to a Stegosaurus.', 0, 0.25),
	('collector_fossil_toe_claw', 'Toe Sickle Claw Fossil', 10, 1, 'item_standard', 1, 757, 1, '{}', 'A rare fossilized claw. Still sharp, it belonged to a genus of Dromaeosauridae.', 0, 0.25),
	('collector_fossil_tooth_mega', 'Upper Tooth Fossil', 10, 1, 'item_standard', 1, 758, 1, '{}', 'A rare fossilized tooth from a Megalodon.', 0, 0.25),
	('collector_fossil_tooth_serrated', 'Serrated Tooth Fossil', 10, 1, 'item_standard', 1, 759, 1, '{}', 'A rare and jagged fossilized tooth, once belonging to an Allosaurus.', 0, 0.25),
	('collector_fossil_tooth_trex', 'Front Tooth Fossil', 10, 1, 'item_standard', 1, 760, 1, '{}', 'A rare fossilized front tooth, perhaps belonging to the recently discovered Manospondylus Gigas. Highly prized.', 0, 0.25),
	('collector_fossil_trilobite_crypto', 'Cryptolithus Trilobite Fossil', 10, 1, 'item_standard', 1, 761, 1, '{}', 'A small, uncommon trilobite fossil. Good condition.', 0, 0.25),
	('collector_fossil_trilobite_iso', 'Isotelus Trilobite Fossil', 10, 1, 'item_standard', 1, 762, 1, '{}', 'An uncommon fossil of a huge trilobite. Fully intact.', 0, 0.25),
	('collector_fossil_tully_monster', 'Tully Monster Fossil', 10, 1, 'item_standard', 1, 763, 1, '{}', 'An uncommon Tullimonstrum fossil, nicely preserved.', 0, 0.25),
	('condenser', 'Condenser', 5, 1, 'item_standard', 1, 187, 1, '{}', 'A device used to condense substances.', 0, 0.25),
	('condorb', 'Condor beak', 20, 1, 'item_standard', 1, 188, 1, '{}', 'A beak from a condor bird.', 0, 0.25),
	('condorf', 'Condor feather', 20, 1, 'item_standard', 1, 189, 1, '{}', 'A beautiful feather from a condor.', 0, 0.25),
	('consumable_apple', 'Apple', 10, 1, 'item_standard', 1, 1000, 1, '{}', 'A juicy and delicious fruit.', 0, 0.25),
	('consumable_blueberrypie', 'Blueberry Pie', 10, 1, 'item_standard', 1, 764, 1, '{}', 'A delicious pie made with blueberries.', 0, 0.25),
	('consumable_bluegil', 'Dried Bluegil', 10, 1, 'item_standard', 1, 190, 1, '{}', 'A dried Bluegil fish.', 0, 0.25),
	('consumable_breakfast', 'Breakfast', 5, 1, 'item_standard', 1, 191, 1, '{}', 'A hearty breakfast meal.', 0, 0.25),
	('consumable_caramel', 'Caramel', 5, 1, 'item_standard', 1, 192, 1, '{}', 'Sweet and sticky caramel.', 0, 0.25),
	('consumable_carrots', 'Carrots', 10, 1, 'item_standard', 1, 1001, 1, '{}', 'An orange root vegetable commonly used in cooking.', 0, 0.25),
	('consumable_chickenpie', 'Chicken Pie', 10, 1, 'item_standard', 1, 765, 1, '{}', 'A delicious pie made with chicken.', 0, 0.25),
	('consumable_chocolate', 'Chocolate Bar', 10, 1, 'item_standard', 1, 193, 1, '{}', 'A delicious chocolate bar.', 0, 0.25),
	('consumable_chocolatecake', 'Chocolate Cake', 10, 1, 'item_standard', 1, 766, 1, '{}', 'A tasty chocolate cake.', 0, 0.25),
	('consumable_chocolatecoffee', 'Chocolate Coffee', 10, 1, 'item_standard', 1, 767, 1, '{}', 'A chocolate flaverd coffee drink.', 0, 0.25),
	('consumable_coffee', 'Coffee', 5, 1, 'item_standard', 1, 194, 1, '{}', 'A warm cup of coffee.', 0, 0.25),
	('consumable_coffeecake', 'Coffee Cake', 10, 1, 'item_standard', 1, 768, 1, '{}', 'A delicious coffee cake.', 0, 0.25),
	('consumable_crumbcake', 'Crumb Cake', 10, 1, 'item_standard', 1, 769, 1, '{}', 'A delicious crumb cake.', 0, 0.25),
	('consumable_cupcake', 'Cupcake', 10, 1, 'item_standard', 1, 770, 1, '{}', 'A delicious cupcake.', 0, 0.25),
	('consumable_donut', 'Donut', 10, 1, 'item_standard', 1, 771, 1, '{}', 'A tasty donut.', 0, 0.25),
	('consumable_fruitsalad', 'Fruit Salad', 5, 1, 'item_standard', 1, 195, 1, '{}', 'A refreshing fruit salad.', 0, 0.25),
	('consumable_game', 'Jerkied GameMeat', 10, 1, 'item_standard', 1, 196, 1, '{}', 'Dried and seasoned game meat.', 0, 0.25),
	('consumable_grapejelly', 'Grape Jelly', 10, 1, 'item_standard', 1, 772, 1, '{}', 'Grape flavored jelly.', 0, 0.25),
	('consumable_haycube', 'Haycube', 10, 1, 'item_standard', 1, 197, 1, '{}', 'A compact cube of hay.', 0, 0.25),
	('consumable_herb_chanterelles', 'Chanterelles', 10, 1, 'item_standard', 1, 198, 1, '{}', 'A bundle of Chanterelle mushrooms.', 0, 0.25),
	('consumable_herb_evergreen_huckleberry', 'Evergreen Huckleberry', 10, 1, 'item_standard', 1, 199, 1, '{}', 'Plump and juicy Evergreen Huckleberries.', 0, 0.25),
	('consumable_herb_oregano', 'Oregano', 10, 1, 'item_standard', 1, 200, 1, '{}', 'Fragrant oregano leaves.', 0, 0.25),
	('consumable_herb_vanilla_flower', 'Vanilla Flower', 10, 1, 'item_standard', 1, 201, 1, '{}', 'A delicate vanilla flower.', 0, 0.25),
	('consumable_herb_wintergreen_berry', 'Wintergreen Berry', 10, 1, 'item_standard', 1, 202, 1, '{}', 'Tart and refreshing Wintergreen Berries.', 0, 0.25),
	('consumable_horsepeppermints', 'Peppermint Stick', 10, 1, 'item_standard', 1, 773, 1, '{}', 'Peppermint flavored candy stick.', 0, 0.25),
	('consumable_horse_reviver', 'Horse Reviver', 3, 1, 'item_standard', 1, 999, 1, '{}', 'Curative compound for injured horse.', 0, 0.25),
	('consumable_kidneybeans_can', 'Kidney Beans', 5, 1, 'item_standard', 1, 203, 1, '{}', 'Canned kidney beans.', 0, 0.25),
	('consumable_lemoncake', 'Lemon Cake', 10, 1, 'item_standard', 1, 774, 1, '{}', 'A delicious lemon cake', 0, 0.25),
	('consumable_lemondrops', 'Leamon Drops', 10, 1, 'item_standard', 1, 775, 1, '{}', 'Lemon flavored candy.', 0, 0.25),
	('consumable_lock_breaker', 'Lock Breaker', 10, 1, 'item_standard', 1, 204, 1, '{}', 'A tool for breaking locks.', 0, 0.25),
	('consumable_meat_greavy', 'Meat Stew', 12, 1, 'item_standard', 1, 205, 1, '{}', 'A hearty meat stew.', 0, 0.25),
	('consumable_medicine', 'Medicine', 10, 1, 'item_standard', 1, 206, 1, '{}', 'Medicinal treatment.', 0, 0.25),
	('consumable_peach', 'Peach', 5, 1, 'item_standard', 1, 207, 1, '{}', 'Juicy and ripe peach.', 0, 0.25),
	('consumable_peachcobbler', 'Peach Cobbler', 10, 1, 'item_standard', 1, 776, 1, '{}', 'A tasty peach cobbler.', 0, 0.25),
	('consumable_peachjelly', 'Peach Jelly', 10, 1, 'item_standard', 1, 777, 1, '{}', 'Peach flavored jelly.', 0, 0.25),
	('consumable_pear', 'Pear', 10, 1, 'item_standard', 1, 208, 1, '{}', 'A sweet and juicy pear.', 0, 0.25),
	('consumable_peppermint', 'Peppermint', 10, 1, 'item_standard', 1, 778, 1, '{}', 'Peppermint flavored candy.', 0, 0.25),
	('consumable_poundcake', 'Pound Cake', 10, 1, 'item_standard', 1, 779, 1, '{}', 'A delicious pound cake.', 0, 0.25),
	('consumable_pretzel', 'Pretzel', 10, 1, 'item_standard', 1, 780, 1, '{}', 'A tasty pretzel with salt.', 0, 0.25),
	('consumable_raspberryjelly', 'Raspberry Jelly', 10, 1, 'item_standard', 1, 781, 1, '{}', 'Raspberry flavored jelly.', 0, 0.25),
	('consumable_raspberrywater', 'Berry Water', 10, 1, 'item_standard', 1, 209, 1, '{}', 'Refreshing water infused with berries.', 0, 0.25),
	('consumable_salmon', 'Dried Salmon', 10, 1, 'item_standard', 1, 210, 1, '{}', 'A dried and preserved salmon.', 0, 0.25),
	('consumable_salmon_can', 'Salmon Can', 10, 1, 'item_standard', 1, 211, 1, '{}', 'Canned salmon.', 0, 0.25),
	('consumable_spongecake', 'Sponge Cake', 10, 1, 'item_standard', 1, 782, 1, '{}', 'A soft and delicious spong cake.', 0, 0.25),
	('consumable_steakpie', 'Steak Pie', 10, 1, 'item_standard', 1, 783, 1, '{}', 'A delicious pie made with beef.', 0, 0.25),
	('consumable_trout', 'Cooked Trout', 10, 1, 'item_standard', 1, 212, 1, '{}', 'A cooked and seasoned trout.', 0, 0.25),
	('consumable_veggies', 'Edible Veggies', 5, 1, 'item_standard', 1, 213, 1, '{}', 'A mix of various edible vegetables.', 0, 0.25),
	('cookedbluegil', 'Cooked Bluegil with Veggies', 5, 1, 'item_standard', 1, 214, 1, '{}', 'A cooked Bluegil fish served with vegetables.', 0, 0.25),
	('copper', 'Copper', 30, 1, 'item_standard', 1, 215, 1, '{}', 'A piece of copper.', 0, 0.25),
	('cordbow', 'Bow Cord', 10, 1, 'item_standard', 1, 784, 1, '{}', 'Cord used for making a bow.', 0, 0.25),
	('corn', 'Corn', 10, 1, 'item_standard', 1, 216, 1, '{}', 'Fresh and juicy corn.', 0, 0.25),
	('cornseed', 'Corn seed', 10, 1, 'item_standard', 1, 217, 1, '{}', 'Seeds for growing corn.', 0, 0.25),
	('cougarf', 'Cougar tooth', 20, 1, 'item_standard', 1, 218, 1, '{}', 'A sharp tooth from a cougar.', 0, 0.25),
	('cougars', 'Cougar skin', 20, 1, 'item_standard', 1, 219, 1, '{}', 'The thick and durable skin of a cougar.', 0, 0.25),
	('cougartaxi', 'Cougar Taxidermy', 20, 1, 'item_standard', 1, 220, 1, '{}', 'A taxidermy mount of a cougar.', 0, 0.25),
	('cougar_taxidermy', 'Cougar Taxidermy', 20, 1, 'item_standard', 1, 221, 1, '{}', 'A taxidermy mount of a cougar.', 0, 0.25),
	('cowh', 'Cow horn', 20, 1, 'item_standard', 1, 222, 1, '{}', 'A long and curved horn from a cow.', 0, 0.25),
	('cows', 'Cow pelt', 20, 1, 'item_standard', 1, 223, 1, '{}', 'The soft and furry pelt of a cow.', 0, 0.25),
	('coyotef', 'Coyote tooth', 20, 1, 'item_standard', 1, 224, 1, '{}', 'A sharp tooth from a coyote.', 0, 0.25),
	('coyotepelt', 'Coyote Pelt', 20, 1, 'item_standard', 1, 225, 1, '{}', 'The fur pelt of a coyote.', 0, 0.25),
	('coyotes', 'Coyote skin', 20, 1, 'item_standard', 1, 226, 1, '{}', 'The rugged and weathered skin of a coyote.', 0, 0.25),
	('coyotetaxi', 'Coyote Taxidermy', 20, 1, 'item_standard', 1, 227, 1, '{}', 'A taxidermy mount of a coyote.', 0, 0.25),
	('coyote_pelt', 'Coyote Pelt', 20, 1, 'item_standard', 1, 228, 1, '{}', 'The fur pelt of a coyote.', 0, 0.25),
	('coyote_taxidermy', 'Coyote Taxidermy', 20, 1, 'item_standard', 1, 229, 1, '{}', 'A taxidermy mount of a coyote.', 0, 0.25),
	('crabbutter', 'Crab Butter', 10, 1, 'item_standard', 1, 785, 1, '{}', 'Butter made from crab. Delicious on toast.', 0, 0.25),
	('crablegs', 'Crab Legs', 10, 1, 'item_standard', 1, 786, 1, '{}', 'Legs from a crab.', 0, 0.25),
	('crab_c', 'Crab', 20, 1, 'item_standard', 1, 230, 1, '{}', 'A crab with a hard shell.', 0, 0.25),
	('craftingfire', 'Crafting Fire', 20, 1, 'item_standard', 1, 231, 1, '{}', 'A fire used for crafting.', 0, 0.25),
	('crafting_fire', 'Crafting Fire', 20, 1, 'item_standard', 1, 232, 1, '{}', 'A fire used for crafting.', 0, 0.25),
	('crawfish_c', 'Crawfish', 20, 1, 'item_standard', 1, 233, 1, '{}', 'A small freshwater crustacean.', 0, 0.25),
	('Creeking_Thyme', 'Creeping Thyme', 10, 1, 'item_standard', 1, 234, 1, '{}', 'A fragrant herb with small purple flowers.', 0, 0.25),
	('Creeking_Thyme_Seed', 'Creeping Thyme Seed', 10, 1, 'item_standard', 1, 235, 1, '{}', 'Seeds for growing creeping thyme.', 0, 0.25),
	('Creekplum', 'Creekplum', 10, 1, 'item_standard', 1, 236, 1, '{}', 'A small and juicy creekplum.', 0, 0.25),
	('Creekplum_Seed', 'Creekplum Seed', 10, 1, 'item_standard', 1, 237, 1, '{}', 'Seeds for growing creekplums.', 0, 0.25),
	('Crows_Garlic', 'Crows Garlic', 10, 1, 'item_standard', 1, 238, 1, '{}', 'A pungent garlic with black bulbs.', 0, 0.25),
	('Crows_Garlic_Seed', 'Crows Garlic Seed', 10, 1, 'item_standard', 1, 239, 1, '{}', 'Seeds for growing crows garlic.', 0, 0.25),
	('crow_c', 'Crow', 20, 1, 'item_standard', 1, 240, 1, '{}', 'A black-feathered bird with a sharp beak.', 0, 0.25),
	('darub', 'Crane beak', 20, 1, 'item_standard', 1, 241, 1, '{}', 'A long and slender beak from a crane.', 0, 0.25),
	('daruf', 'Crane feather', 20, 1, 'item_standard', 1, 242, 1, '{}', 'A beautiful feather from a crane.', 0, 0.25),
	('dbcandle', 'Dbl Candle', 20, 1, 'item_standard', 1, 243, 1, '{}', 'A double-sided candle with two wicks.', 0, 0.25),
	('decortent1', 'Decor Tent 1 Set', 20, 1, 'item_standard', 1, 244, 1, '{}', 'A decorative tent set with unique patterns.', 0, 0.25),
	('decortent2', 'Decor Tent 2 Set', 20, 1, 'item_standard', 1, 245, 1, '{}', 'A decorative tent set with unique patterns.', 0, 0.25),
	('decortent3', 'Decor Tent 3 Set', 20, 1, 'item_standard', 1, 246, 1, '{}', 'A decorative tent set with unique patterns.', 0, 0.25),
	('deerheart', 'Deer heart', 20, 1, 'item_standard', 1, 247, 1, '{}', 'The heart of a deer.', 0, 0.25),
	('deerpelt', 'Deer pelt', 20, 1, 'item_standard', 1, 248, 1, '{}', 'The soft and warm pelt of a deer.', 0, 0.25),
	('deerskin', 'Deer skin', 20, 1, 'item_standard', 1, 249, 1, '{}', 'The skin of a deer.', 0, 0.25),
	('deertaxi', 'Deer Taxidermy', 20, 1, 'item_standard', 1, 250, 1, '{}', 'A taxidermy mount of a deer.', 0, 0.25),
	('deer_pelt', 'Deer Pelt', 20, 1, 'item_standard', 1, 251, 1, '{}', 'The soft and warm pelt of a deer.', 0, 0.25),
	('deer_taxidermy', 'Deer Taxidermy', 20, 1, 'item_standard', 1, 252, 1, '{}', 'A taxidermy mount of a deer.', 0, 0.25),
	('Desert_Sage', 'Desert Sage', 10, 1, 'item_standard', 1, 253, 1, '{}', 'A bundle of Desert Sage used for crafting and medicinal purposes.', 0, 0.25),
	('Desert_Sage_Seed', 'Desert Sage Seed', 10, 1, 'item_standard', 1, 254, 1, '{}', 'A seed of Desert Sage that can be planted to grow Desert Sage plants.', 0, 0.25),
	('diamond', 'Diamond', 20, 1, 'item_standard', 1, 255, 1, '{}', 'A precious gemstone known for its brilliance and value.', 0, 0.25),
	('dleguans', 'Desert Iguana pelt', 20, 1, 'item_standard', 1, 256, 1, '{}', 'The skin of a Desert Iguana, commonly used for crafting and trading.', 0, 0.25),
	('DocMorphine', 'Morphine', 5, 1, 'item_standard', 1, 1220, 1, '{}', '', 0, 0.25),
	('Doctor_Bag', 'Doctor Bag', 1, 1, 'item_standard', 1, 1223, 1, '{}', '', 0, 0.25),
	('dreamcatcher', 'Dream Catcher', 20, 1, 'item_standard', 1, 257, 1, '{}', 'A traditional Native American ornament believed to filter out bad dreams and let only good dreams pass through.', 0, 0.25),
	('Drink_For_Dog', 'Pet Water', 10, 1, 'item_standard', 1, 258, 1, '{}', 'A refreshing drink specially made for pets to keep them hydrated.', 0, 0.25),
	('duckfat', 'Duck fat', 20, 1, 'item_standard', 1, 259, 1, '{}', 'The rendered fat from a duck, commonly used in cooking and baking.', 0, 0.25),
	('Duck_Egg', 'Duck Egg', 10, 1, 'item_standard', 1, 260, 1, '{}', 'An egg laid by a duck, often used in various culinary preparations.', 0, 0.25),
	('dynamite', 'Pipe charge dynamite', 30, 1, 'item_standard', 1, 261, 1, '{}', 'An explosive device consisting of a tube filled with explosive material, used for various purposes including mining and demolition.', 0, 0.25),
	('eaglef', 'Eagle feather', 20, 1, 'item_standard', 1, 262, 1, '{}', 'A feather obtained from an eagle, often used for decorative purposes and in crafting.', 0, 0.25),
	('eaglet', 'Eagle claws', 20, 1, 'item_standard', 1, 263, 1, '{}', 'The sharp claws of an eagle, sometimes collected as a trophy or used in traditional medicine.', 0, 0.25),
	('egg', 'Egg', 20, 1, 'item_standard', 1, 264, 1, '{}', 'A small oval object laid by a female bird, reptile, or fish, containing a fertilized embryo and nutrients for development.', 0, 0.25),
	('eggs', 'Egg', 50, 1, 'item_standard', 1, 265, 1, '{}', 'Various types of eggs collected from different animals, often used in cooking and crafting.', 0, 0.25),
	('egretb', 'Snowy Egret beak', 20, 1, 'item_standard', 1, 266, 1, '{}', 'The beak of a Snowy Egret, commonly used for crafting and trading.', 0, 0.25),
	('egretf', 'Snowy Egret feather', 20, 1, 'item_standard', 1, 267, 1, '{}', 'A feather obtained from a Snowy Egret, often used for decorative purposes and in crafting.', 0, 0.25),
	('elkantler', 'Elk antler', 20, 1, 'item_standard', 1, 268, 1, '{}', 'A large branched horn-like appendage grown by male elks.', 0, 0.25),
	('elks', 'Elk pelt', 20, 1, 'item_standard', 1, 269, 1, '{}', 'A high-quality pelt obtained from an elk.', 0, 0.25),
	('emerald', 'Emerald', 20, 1, 'item_standard', 1, 270, 1, '{}', 'A precious green gemstone with a sparkling appearance.', 0, 0.25),
	('empty_bottle', 'Empty Bottle', 20, 1, 'item_standard', 1, 271, 1, '{}', 'Empty Bottle', 0, 0.25),
	('English_Mace', 'English Mace', 10, 1, 'item_standard', 1, 272, 1, '{}', 'A type of spice commonly used in cooking and herbal medicine.', 0, 0.25),
	('English_Mace_Seed', 'English Mace Seed', 10, 1, 'item_standard', 1, 273, 1, '{}', 'Seeds that can be planted to grow English Mace plants.', 0, 0.25),
	('Evergreen_Huckleberry', 'Evergreen Huckleberry', 10, 1, 'item_standard', 1, 274, 1, '{}', 'A small, dark purple berry known for its tart and sweet flavor.', 0, 0.25),
	('Evergreen_Huckleberry_Seed', 'Evergreen Huckleberry Seed', 10, 1, 'item_standard', 1, 275, 1, '{}', 'Seeds that can be planted to grow Evergreen Huckleberry bushes.', 0, 0.25),
	('fan', 'Fan', 5, 1, 'item_standard', 1, 276, 1, '{}', 'A handheld device with flat blades used to create a breeze or provide cooling.', 0, 0.25),
	('fancydouble', 'Fancy Double', 20, 1, 'item_standard', 1, 277, 1, '{}', 'A stylish and well-crafted double-barreled firearm.', 0, 0.25),
	('Fat', 'Animal Fat', 10, 1, 'item_standard', 1, 278, 1, '{}', 'Rendered fat obtained from animals, commonly used in cooking and crafting.', 0, 0.25),
	('Feather', 'Feather', 20, 1, 'item_standard', 1, 279, 1, '{}', 'A lightweight and delicate feather, often used for decorative purposes.', 0, 0.25),
	('Feed_For_Dog', 'Dog Food', 10, 1, 'item_standard', 1, 280, 1, '{}', 'Nutritious food specifically formulated for dogs.', 0, 0.25),
	('fertilizer', 'Fertilizer', 10, 1, 'item_standard', 1, 281, 1, '{}', 'A substance used to enrich soil and promote plant growth.', 0, 0.25),
	('fertilizerbless', 'Blessed Fertilizer', 10, 1, 'item_standard', 1, 282, 1, '{}', 'Sacred fertilizer imbued with spiritual blessings, known to enhance crop yield.', 0, 0.25),
	('fertilizeregg', 'Fertilizer with Eggs', 10, 1, 'item_standard', 1, 283, 1, '{}', 'Fertilizer enriched with nutrients from various eggs, providing excellent nourishment for plants.', 0, 0.25),
	('fertilizerpro', 'Fertilizer with Produce', 10, 1, 'item_standard', 1, 284, 1, '{}', 'Fertilizer containing organic matter from fresh produce, enhancing soil fertility and plant health.', 0, 0.25),
	('fertilizerpulpsap', 'Fertilizer with Pulp/Sap', 10, 1, 'item_standard', 1, 285, 1, '{}', 'Fertilizer enriched with natural pulp or sap, promoting robust growth and vitality in plants.', 0, 0.25),
	('fertilizersn', 'Fertilizer with Snake', 10, 1, 'item_standard', 1, 286, 1, '{}', 'Fertilizer enriched with beneficial nutrients extracted from snakes, promoting vigorous growth in plants.', 0, 0.25),
	('fertilizersq', 'Fertilizer with Squirrel', 10, 1, 'item_standard', 1, 287, 1, '{}', 'Fertilizer infused with nutrients derived from squirrels, providing essential elements for plant nourishment and vitality.', 0, 0.25),
	('fertilizersw', 'Fertilizer with Soft Wood', 10, 1, 'item_standard', 1, 288, 1, '{}', 'Fertilizer blended with fine particles of softwood, enriching the soil with organic matter and enhancing plant development.', 0, 0.25),
	('fertilizersyn', 'Synful Fertilizer', 10, 1, 'item_standard', 1, 289, 1, '{}', 'A potent and forbidden fertilizer concocted from mystical ingredients, known to produce extraordinary growth in plants.', 0, 0.25),
	('fertilizerwoj', 'Fertilizer with Wojape', 10, 1, 'item_standard', 1, 290, 1, '{}', 'Fertilizer infused with the essence of Wojape, a rare and powerful herb known for its profound effects on plant growth.', 0, 0.25),
	('fibers', 'Fibers', 20, 1, 'item_standard', 0, 291, 1, '{}', 'Fine threads or filaments extracted from plants or animals, often used for crafting or weaving.', 0, 0.25),
	('fish', 'Fish', 50, 1, 'item_standard', 1, 292, 1, '{}', 'A aquatic creature with fins and scales, commonly caught for food or sport.', 0, 0.25),
	('fishbait', 'Fishbait', 10, 1, 'item_standard', 1, 293, 1, '{}', 'A substance or lure used to attract fish, increasing the chances of a successful catch.', 0, 0.25),
	('fishchips', 'Fish and Chips', 10, 1, 'item_standard', 1, 294, 1, '{}', 'A classic dish consisting of fried fish fillets and potato chips, often served with tartar sauce.', 0, 0.25),
	('fishmeat', 'Bigfish Meat', 20, 1, 'item_standard', 1, 295, 1, '{}', 'Meat obtained from large fish species, known for its tender texture and rich flavor.', 0, 0.25),
	('flag', 'Camp Flag', 10, 1, 'item_standard', 1, 296, 1, '{}', 'A colorful and distinctive flag used to mark and identify a campsite or specific location.', 0, 0.25),
	('flour', 'Flour', 10, 1, 'item_standard', 1, 787, 1, '{}', 'Ground up wheat used for cooking and baking.', 0, 0.25),
	('floursack', 'Flour Sack', 10, 1, 'item_standard', 1, 788, 1, '{}', 'A sack of flour.', 0, 0.25),
	('flowerboxes', 'Flower Boxes', 20, 1, 'item_standard', 1, 297, 1, '{}', 'Containers or receptacles designed to hold and display blooming flowers, adding beauty and charm to any setting.', 0, 0.25),
	('foodbarrel', 'Food Barrel', 20, 1, 'item_standard', 1, 298, 1, '{}', 'A sturdy barrel used for storing and preserving food items, keeping them fresh and safe from pests.', 0, 0.25),
	('food_barrel', 'Food Barrel', 20, 1, 'item_standard', 1, 299, 1, '{}', 'A large barrel specifically designed for storing and transporting food, ideal for provisioning during long journeys or expeditions.', 0, 0.25),
	('food_craftbook', 'Food Craftbook', 1, 1, 'item_standard', 1, 1646, 1, '{}', 'Used to open the food crafting menu.', 0, 0.25),
	('foxskin', 'Foxskin', 20, 1, 'item_standard', 1, 300, 1, '{}', 'The skin of a fox.', 0, 0.25),
	('foxt', 'Fox tooth', 20, 1, 'item_standard', 1, 301, 1, '{}', 'A tooth extracted from a fox.', 0, 0.25),
	('friedtater', 'Fried Taters', 10, 1, 'item_standard', 1, 302, 1, '{}', 'Crispy and delicious fried potatoes.', 0, 0.25),
	('frogbull2_c', 'Poisoned Frogbull', 20, 1, 'item_standard', 1, 303, 1, '{}', 'A toxic variant of a frogbull.', 0, 0.25),
	('frogbull_c', 'Frogbull', 20, 1, 'item_standard', 1, 304, 1, '{}', 'A small creature found near water bodies.', 0, 0.25),
	('fsnakes', 'Blacktail rattlesnake pelt', 20, 1, 'item_standard', 1, 305, 1, '{}', 'The skin of a blacktail rattlesnake.', 0, 0.25),
	('game', 'Game Meat', 20, 1, 'item_standard', 1, 306, 1, '{}', 'Fresh meat obtained from hunting animals.', 0, 0.25),
	('Gamey_Meat', 'Gamey Meat', 10, 1, 'item_standard', 1, 307, 1, '{}', 'A type of meat with a distinct gamey flavor.', 0, 0.25),
	('Gator_Egg_3', 'Aligator Egg 3', 10, 1, 'item_standard', 1, 308, 1, '{}', 'The third stage of an alligator egg.', 0, 0.25),
	('Gator_Egg_4', 'Aligator Egg 4', 10, 1, 'item_standard', 1, 309, 1, '{}', 'The fourth stage of an alligator egg.', 0, 0.25),
	('Gator_Egg_5', 'Aligator Egg 5', 10, 1, 'item_standard', 1, 310, 1, '{}', 'The final stage of an alligator egg.', 0, 0.25),
	('gbarrelx', 'Gun Barrel', 20, 1, 'item_standard', 1, 311, 1, '{}', 'A part used in firearm manufacturing.', 0, 0.25),
	('gbears', 'Grizzly Bear skin', 20, 1, 'item_standard', 1, 312, 1, '{}', 'The skin of a grizzly bear.', 0, 0.25),
	('ginsengtea', 'Ginseng Tea', 10, 1, 'item_standard', 1, 313, 1, '{}', 'A soothing tea made from ginseng roots.', 0, 0.25),
	('glassbottle', 'Glass Bottle', 15, 1, 'item_standard', 1, 314, 1, '{}', 'A transparent bottle made of glass.', 0, 0.25),
	('glasseye', 'Glass Eye', 10, 1, 'item_standard', 1, 789, 1, '{}', 'A glass eye. Probably lost in a bar fight.', 0, 0.25),
	('gleguans', 'Green Iguana pelt', 20, 1, 'item_standard', 1, 315, 1, '{}', 'The skin of a green iguana.', 0, 0.25),
	('goathead', 'Goat head', 20, 1, 'item_standard', 1, 316, 1, '{}', 'The severed head of a goat.', 0, 0.25),
	('goats', 'Goat pelt', 20, 1, 'item_standard', 1, 317, 1, '{}', 'The skin of a goat.', 0, 0.25),
	('goldbar', 'GoldBar', 5, 1, 'item_standard', 1, 318, 1, '{}', 'A bar made of solid gold.', 0, 0.25),
	('Golden_Currant', 'Golden Currant', 10, 1, 'item_standard', 1, 319, 1, '{}', 'A type of golden-colored currant.', 0, 0.25),
	('Golden_Currant_Seed', 'Golden Currant Seed', 10, 1, 'item_standard', 1, 320, 1, '{}', 'A seed that can be planted to grow golden currants.', 0, 0.25),
	('golden_nugget', 'Pepita de Ouro', 10, 1, 'item_standard', 1, 1563, 1, '{}', 'nice item', 0, 1.00),
	('golden_ring', 'Anel de Ouro', 10, 1, 'item_standard', 1, 1562, 1, '{}', 'nice item', 0, 1.00),
	('goldfish', 'Gold Fish', 10, 1, 'item_standard', 0, 321, 1, '{}', 'A shimmering gold-colored fish.', 0, 0.25),
	('goldpan', 'Gold pan', 10, 1, 'item_standard', 1, 322, 1, '{}', 'A shallow pan used for gold panning.', 0, 0.25),
	('goldpanninglicence', 'Gold Panning License', 1, 1, 'item_standard', 1, 1078, 1, '{}', 'You cannot go to the river without this license', 0, 0.25),
	('goldring', 'Gold Ring', 10, 1, 'item_standard', 1, 323, 1, '{}', 'A ring made of solid gold.', 0, 0.25),
	('gold_nugget', 'Gold nugget', 30, 1, 'item_standard', 0, 324, 1, '{}', 'A nugget of pure gold.', 0, 0.25),
	('gold_panning_license', 'Gold Panning License', 10, 1, 'item_standard', 1, 790, 1, '{}', 'A license to pan gold.', 0, 0.25),
	('gooseb', 'Goose beak', 20, 1, 'item_standard', 1, 325, 1, '{}', 'The beak of a goose.', 0, 0.25),
	('goosef', 'Goose feather', 20, 1, 'item_standard', 1, 326, 1, '{}', 'A feather obtained from a goose.', 0, 0.25),
	('Goose_Egg_4', 'Goose Egg', 10, 1, 'item_standard', 1, 327, 1, '{}', 'An egg laid by a goose.', 0, 0.25),
	('grainmill', 'Grain Mill', 10, 1, 'item_standard', 1, 791, 1, '{}', 'A hand-held Grain Mill for grinding grain.', 0, 0.25),
	('grapes', 'Grapes', 10, 1, 'item_standard', 1, 792, 1, '{}', 'A tasty fruit that grows in clusters. Often used to make wine.', 0, 0.25),
	('grinder', 'Grinder', 10, 1, 'item_standard', 1, 793, 1, '{}', 'Used to crush up and grind herbs and plants.', 0, 0.25),
	('guitar', 'Classic Guitar', 1, 1, 'item_standard', 1, 328, 1, '{}', 'A traditional six-string guitar.', 0, 0.25),
	('gun_barrel', 'Gun Barrel', 20, 1, 'item_standard', 1, 329, 1, '{}', 'A cylindrical barrel used in firearm construction.', 0, 0.25),
	('gypsywagon', 'Gypsys Wagon Set', 20, 1, 'item_standard', 1, 330, 1, '{}', 'A set of items related to a gypsy wagon.', 0, 0.25),
	('hairpomade', 'Hair Pomade', 5, 1, 'item_standard', 1, 331, 1, '{}', 'A grooming product for styling hair.', 0, 0.25),
	('handcuffkey', 'Handcuff Key', 1, 1, 'item_standard', 1, 959, 1, '{}', 'A key used to unlock handcuffs.', 0, 0.25),
	('handcuffs', 'Handcuffs', 10, 1, 'item_standard', 1, 332, 1, '{}', 'Metal restraints used for restraining someone.', 0, 0.25),
	('handmixer', 'Handmixer', 10, 1, 'item_standard', 1, 794, 1, '{}', 'A hand-held mixing device', 0, 0.25),
	('handsaw', 'Handsaw', 10, 1, 'item_standard', 1, 795, 1, '{}', 'A hand saw used to cut wood', 0, 0.25),
	('hatchet', 'Hatchet', 1, 1, 'item_standard', 1, 333, 1, '{}', 'A small axe with a short handle.', 0, 0.25),
	('hawkf', 'Hawk feather', 20, 1, 'item_standard', 1, 334, 1, '{}', 'A feather obtained from a hawk.', 0, 0.25),
	('hawkt', 'Hawk claws', 20, 1, 'item_standard', 1, 335, 1, '{}', 'The sharp claws of a hawk.', 0, 0.25),
	('Health_For_Dog', 'Pet Bandages', 10, 1, 'item_standard', 1, 336, 1, '{}', 'Bandages designed for treating injuries in pets.', 0, 0.25),
	('hemp', 'Hemp', 10, 1, 'item_standard', 1, 337, 1, '{}', 'A plant commonly used for its fiber.', 0, 0.25),
	('hemp_cig', 'Hemp Cigarette', 1, 1, 'item_standard', 1, 338, 1, '{}', 'A cigarette made from hemp leaves.', 0, 0.25),
	('hemp_seed', 'Hemp Seed', 20, 1, 'item_standard', 1, 339, 1, '{}', 'A seed that can be planted to grow hemp plants.', 0, 0.25),
	('herbal_medicine', 'Herbal Medicine', 20, 1, 'item_standard', 1, 340, 1, '{}', 'Medicine made from natural herbal ingredients.', 0, 0.25),
	('herbal_tonic', 'Herbal Tonic', 20, 1, 'item_standard', 1, 341, 1, '{}', 'A tonic made from herbal extracts.', 0, 0.25),
	('herbmed', 'Herbal Remedy', 10, 1, 'item_standard', 1, 342, 1, '{}', 'A remedy made from various herbs.', 0, 0.25),
	('heroin', 'Heroin', 5, 1, 'item_standard', 1, 343, 1, '{}', 'A highly addictive and illegal drug.', 0, 0.25),
	('herptile', 'Herptile meat', 20, 1, 'item_standard', 1, 344, 1, '{}', 'Meat obtained from reptiles and amphibians.', 0, 0.25),
	('hitchingpost', 'Hitching Post', 20, 1, 'item_standard', 1, 345, 1, '{}', 'A post used for tying up horses.', 0, 0.25),
	('hk_1', 'House Key', 1, 1, 'item_standard', 1, 961, 1, '{}', 'A standard house key.', 0, 0.25),
	('hk_101', 'House Key', 1, 1, 'item_standard', 1, 964, 1, '{}', 'A specialized house key.', 0, 0.25),
	('hk_102', 'House Key', 1, 1, 'item_standard', 1, 965, 1, '{}', 'A specialized house key.', 0, 0.25),
	('hk_103', 'House Key', 1, 1, 'item_standard', 1, 966, 1, '{}', 'A specialized house key.', 0, 0.25),
	('hk_104', 'House Key', 1, 1, 'item_standard', 1, 967, 1, '{}', 'A specialized house key.', 0, 0.25),
	('hk_105', 'House Key', 1, 1, 'item_standard', 1, 968, 1, '{}', 'A specialized house key.', 0, 0.25),
	('hk_106', 'House Key', 1, 1, 'item_standard', 1, 969, 1, '{}', 'A specialized house key.', 0, 0.25),
	('hk_107', 'House Key', 1, 1, 'item_standard', 1, 970, 1, '{}', 'A specialized house key.', 0, 0.25),
	('hk_108', 'House Key', 1, 1, 'item_standard', 1, 971, 1, '{}', 'A specialized house key.', 0, 0.25),
	('hk_109', 'House Key', 1, 1, 'item_standard', 1, 972, 1, '{}', 'A specialized house key.', 0, 0.25),
	('hk_110', 'House Key', 1, 1, 'item_standard', 1, 973, 1, '{}', 'A specialized house key.', 0, 0.25),
	('hk_111', 'House Key', 1, 1, 'item_standard', 1, 974, 1, '{}', 'A specialized house key.', 0, 0.25),
	('hk_112', 'House Key', 1, 1, 'item_standard', 1, 975, 1, '{}', 'A specialized house key.', 0, 0.25),
	('hk_113', 'House Key', 1, 1, 'item_standard', 1, 976, 1, '{}', 'A specialized house key.', 0, 0.25),
	('hk_114', 'House Key', 1, 1, 'item_standard', 1, 977, 1, '{}', 'A specialized house key.', 0, 0.25),
	('hk_115', 'House Key', 1, 1, 'item_standard', 1, 978, 1, '{}', 'A specialized house key.', 0, 0.25),
	('hk_116', 'House Key', 1, 1, 'item_standard', 1, 979, 1, '{}', 'A specialized house key.', 0, 0.25),
	('hk_117', 'House Key', 1, 1, 'item_standard', 1, 980, 1, '{}', 'A specialized house key.', 0, 0.25),
	('hk_118', 'House Key', 1, 1, 'item_standard', 1, 981, 1, '{}', 'A specialized house key.', 0, 0.25),
	('hk_119', 'House Key', 1, 1, 'item_standard', 1, 982, 1, '{}', 'A specialized house key.', 0, 0.25),
	('hk_120', 'House Key', 1, 1, 'item_standard', 1, 983, 1, '{}', 'A specialized house key.', 0, 0.25),
	('hk_121', 'House Key', 1, 1, 'item_standard', 1, 984, 1, '{}', 'A specialized house key.', 0, 0.25),
	('hk_122', 'House Key', 1, 1, 'item_standard', 1, 985, 1, '{}', 'A specialized house key.', 0, 0.25),
	('hk_123', 'House Key', 1, 1, 'item_standard', 1, 986, 1, '{}', 'A specialized house key.', 0, 0.25),
	('hk_124', 'House Key', 1, 1, 'item_standard', 1, 987, 1, '{}', 'A specialized house key.', 0, 0.25),
	('hk_125', 'House Key', 1, 1, 'item_standard', 1, 988, 1, '{}', 'A specialized house key.', 0, 0.25),
	('hk_126', 'House Key', 1, 1, 'item_standard', 1, 989, 1, '{}', 'A specialized house key.', 0, 0.25),
	('hk_127', 'House Key', 1, 1, 'item_standard', 1, 990, 1, '{}', 'A specialized house key.', 0, 0.25),
	('hk_128', 'House Key', 1, 1, 'item_standard', 1, 991, 1, '{}', 'A specialized house key.', 0, 0.25),
	('hk_129', 'House Key', 1, 1, 'item_standard', 1, 992, 1, '{}', 'A specialized house key.', 0, 0.25),
	('hk_130', 'House Key', 1, 1, 'item_standard', 1, 993, 1, '{}', 'A specialized house key.', 0, 0.25),
	('hk_131', 'House Key', 1, 1, 'item_standard', 1, 994, 1, '{}', 'A specialized house key.', 0, 0.25),
	('hk_132', 'House Key', 1, 1, 'item_standard', 1, 995, 1, '{}', 'A specialized house key.', 0, 0.25),
	('hk_133', 'House Key', 1, 1, 'item_standard', 1, 996, 1, '{}', 'A specialized house key.', 0, 0.25),
	('hk_134', 'House Key', 1, 1, 'item_standard', 1, 997, 1, '{}', 'A specialized house key.', 0, 0.25),
	('hk_2', 'House Key', 1, 1, 'item_standard', 1, 962, 1, '{}', 'A standard house key.', 0, 0.25),
	('hk_3', 'House Key', 1, 1, 'item_standard', 1, 963, 1, '{}', 'A standard house key.', 0, 0.25),
	('hoe', 'Garden Hoe', 10, 1, 'item_standard', 1, 346, 1, '{}', 'A gardening tool with a thin metal blade.', 0, 0.25),
	('honey', 'Honey', 10, 1, 'item_standard', 1, 347, 1, '{}', 'A sweet and sticky substance produced by bees.', 0, 0.25),
	('hop', 'Hop', 10, 1, 'item_standard', 1, 348, 1, '{}', 'A plant used in brewing beer.', 0, 0.25),
	('hop_seed', 'Hop Seed', 10, 1, 'item_standard', 1, 349, 1, '{}', 'A seed that can be planted to grow hop plants.', 0, 0.25),
	('horsebrush', 'Horse Brush', 5, 1, 'item_standard', 1, 350, 1, '{}', 'A brush used for grooming horses.', 0, 0.25),
	('horsehitches', 'Horse Hitches Set', 20, 1, 'item_standard', 1, 351, 1, '{}', 'A set of items used for hitching horses.', 0, 0.25),
	('horsemeal', 'Horse ration', 10, 1, 'item_standard', 1, 352, 1, '{}', 'Food provided to horses for sustenance.', 0, 0.25),
	('Hummingbird_Sage', 'Hummingbird Sage', 10, 1, 'item_standard', 1, 353, 1, '{}', 'A type of sage plant favored by hummingbirds.', 0, 0.25),
	('Hummingbird_Sage_Seed', 'Hummingbird Sage Seed', 10, 1, 'item_standard', 1, 354, 1, '{}', 'A seed that can be planted to grow hummingbird sage.', 0, 0.25),
	('huntinglicence', 'Hunting License', 1, 1, 'item_standard', 1, 1079, 1, '{}', 'You need a license when you go hunting', 0, 0.25),
	('hwood', 'Hard Wood', 20, 1, 'item_standard', 0, 355, 1, '{}', 'Durable and strong wood used in various applications.', 0, 0.25),
	('idcard', 'Identification Card', 1, 1, 'item_standard', 1, 1082, 1, '{}', 'You need an ID card to be registered', 0, 0.25),
	('iguanabits', 'Iguana Bits', 10, 1, 'item_standard', 1, 796, 1, '{}', 'Tasy cooked Iguna pieces.', 0, 0.25),
	('Indian_Tobbaco', 'Indian Tobbaco', 20, 1, 'item_standard', 1, 356, 1, '{}', 'A type of tobacco used by Native Americans.', 0, 0.25),
	('Indian_Tobbaco_Seed', 'Indian Tobbaco Seed', 10, 1, 'item_standard', 1, 357, 1, '{}', 'A seed that can be planted to grow Indian tobbaco plants.', 0, 0.25),
	('ink', 'Ink', 10, 1, 'item_standard', 1, 797, 1, '{}', 'A small bottle of ink.', 0, 0.25),
	('iron', 'Iron', 30, 1, 'item_standard', 0, 358, 1, '{}', 'A strong and durable metal.', 0, 0.25),
	('ironbar', 'Iron Bar', 30, 1, 'item_standard', 1, 359, 1, '{}', 'A solid bar made of iron, known for its strength and durability.', 0, 0.25),
	('ironextract', 'Iron Extract', 1, 1, 'item_standard', 0, 360, 1, '{}', 'A concentrated form of iron, extracted from natural sources.', 0, 0.25),
	('ironhammer', 'Iron Hammer', 5, 1, 'item_standard', 1, 361, 1, '{}', 'A hammer with a head made of iron, used for various construction and crafting purposes.', 0, 0.25),
	('items_craftbook', 'Items Craftbook', 1, 1, 'item_standard', 1, 1648, 1, '{}', 'Used to open the items crafting menu.', 0, 0.25),
	('kbirdb', 'Great Blue Heron Beak', 20, 1, 'item_standard', 1, 362, 1, '{}', 'The beak of a Great Blue Heron, known for its long and slender shape.', 0, 0.25),
	('kbirdf', 'Great Blue Heron Feather', 20, 1, 'item_standard', 1, 363, 1, '{}', 'A feather obtained from a Great Blue Heron, valued for its beauty and softness.', 0, 0.25),
	('kitchencounter', 'Kitchen Counter', 20, 1, 'item_standard', 1, 364, 1, '{}', 'A sturdy counter surface typically found in kitchens, providing space for food preparation and other tasks.', 0, 0.25),
	('kit_bandana', 'Bandana', 2, 1, 'item_standard', 1, 365, 1, '{}', 'A versatile and stylish piece of cloth that can be worn around the neck or head for various purposes. It adds a touch of fashion to any outfit.', 0, 0.25),
	('lamppost1', 'Lamp Post 1 Set', 20, 1, 'item_standard', 1, 366, 1, '{}', 'A set of Lamp Post 1', 0, 0.25),
	('lamppost2', 'Lamp Post 2 Set', 20, 1, 'item_standard', 1, 367, 1, '{}', 'A set of Lamp Post 2', 0, 0.25),
	('lanterna', 'Lantern', 20, 1, 'item_standard', 1, 368, 1, '{}', 'A lantern', 0, 0.25),
	('leather', 'Leather', 50, 1, 'item_standard', 1, 369, 1, '{}', 'Leather material', 0, 0.25),
	('leatherchair', 'Leather Chair', 20, 1, 'item_standard', 1, 370, 1, '{}', 'A leather chair', 0, 0.25),
	('leather_chair', 'Leather Chair', 20, 1, 'item_standard', 1, 371, 1, '{}', 'A leather chair', 0, 0.25),
	('legalbook', 'Legal Book', 1, 1, 'item_standard', 1, 372, 1, '{}', 'A legal book', 0, 0.25),
	('legaligators', 'Legendary Alligator pelt', 20, 1, 'item_standard', 1, 373, 1, '{}', 'A legendary pelt from an alligator', 0, 0.25),
	('legaligators1', 'Legendary Teca Alligator pelt', 20, 1, 'item_standard', 1, 374, 1, '{}', 'A legendary pelt from a Teca Alligator', 0, 0.25),
	('legaligators2', 'Legendary Sun Alligator pelt', 20, 1, 'item_standard', 1, 375, 1, '{}', 'A legendary pelt from a Sun Alligator', 0, 0.25),
	('legaligators3', 'Legendary Banded Alligator pelt', 20, 1, 'item_standard', 1, 376, 1, '{}', 'A legendary pelt from a Banded Alligator', 0, 0.25),
	('legalpaper', 'Legal Paper', 4, 1, 'item_standard', 1, 377, 1, '{}', 'Legal paper', 0, 0.25),
	('legbears1', 'Legendary Deadly Bear pelt', 20, 1, 'item_standard', 1, 378, 1, '{}', 'A legendary pelt from a Deadly Bear', 0, 0.25),
	('legbears2', 'Legendary Owiza Bear pelt', 20, 1, 'item_standard', 1, 379, 1, '{}', 'A legendary pelt from an Owiza Bear', 0, 0.25),
	('legbears3', 'Legendary Ridgeback Spirit Bear pelt', 20, 1, 'item_standard', 1, 380, 1, '{}', 'A legendary pelt from a Ridgeback Spirit Bear', 0, 0.25),
	('legbears4', 'Legendary Golden Spirit Bear pelt', 20, 1, 'item_standard', 1, 381, 1, '{}', 'A legendary pelt from a Golden Spirit Bear', 0, 0.25),
	('legbeavers1', 'Legendary Grey Beaver pelt', 20, 1, 'item_standard', 1, 382, 1, '{}', 'A legendary pelt from a Grey Beaver', 0, 0.25),
	('legbeavers2', 'Legendary White Beaver pelt', 20, 1, 'item_standard', 1, 383, 1, '{}', 'A legendary pelt from a White Beaver', 0, 0.25),
	('legbeavers3', 'Legendary Black Beaver pelt', 20, 1, 'item_standard', 1, 384, 1, '{}', 'A legendary pelt from a Black Beaver', 0, 0.25),
	('legbeawers', 'Legendary Beaver pelt', 20, 1, 'item_standard', 1, 385, 1, '{}', 'A legendary pelt from a Beaver', 0, 0.25),
	('legbisonhorn', 'Legendary Bison Horns', 20, 1, 'item_standard', 1, 386, 1, '{}', 'A pair of majestic horns from a legendary bison', 0, 0.25),
	('legbisons', 'Legendary Bison pelt', 20, 1, 'item_standard', 1, 387, 1, '{}', 'A rare and valuable pelt from a legendary bison', 0, 0.25),
	('legbisons1', 'Legendary Tatanka Bison pelt', 20, 1, 'item_standard', 1, 388, 1, '{}', 'An exquisite pelt from a legendary Tatanka Bison', 0, 0.25),
	('legbisons2', 'Legendary Winyan Bison pelt', 20, 1, 'item_standard', 1, 389, 1, '{}', 'A beautiful pelt from a legendary Winyan Bison', 0, 0.25),
	('legbisons3', 'Legendary Payata Bison pelt', 20, 1, 'item_standard', 1, 390, 1, '{}', 'A prized pelt from a legendary Payata Bison', 0, 0.25),
	('legbisonstak', 'Legendary Takanta Bison pelt', 20, 1, 'item_standard', 1, 391, 1, '{}', 'An exceptional pelt from a legendary Takanta Bison', 0, 0.25),
	('legboars', 'Legendary Boar pelt', 20, 1, 'item_standard', 1, 392, 1, '{}', 'A rare and sought-after pelt from a legendary boar', 0, 0.25),
	('legboars1', 'Legendary Cogi Boar pelt', 20, 1, 'item_standard', 1, 393, 1, '{}', 'A magnificent pelt from a legendary Cogi Boar', 0, 0.25),
	('legboars2', 'Legendary Wakpa Boar pelt', 20, 1, 'item_standard', 1, 394, 1, '{}', 'A formidable pelt from a legendary Wakpa Boar', 0, 0.25),
	('legboars3', 'Legendary Icahi Boar pelt', 20, 1, 'item_standard', 1, 395, 1, '{}', 'A rare pelt from a legendary Icahi Boar', 0, 0.25),
	('legboars4', 'Legendary Wildhog pelt', 20, 1, 'item_standard', 1, 396, 1, '{}', 'An untamed pelt from a legendary Wildhog', 0, 0.25),
	('legbucks', 'Legendary Buck skin', 20, 1, 'item_standard', 1, 397, 1, '{}', 'A prized skin from a legendary buck', 0, 0.25),
	('legbucks1', 'Legendary Buck pelt', 20, 1, 'item_standard', 1, 398, 1, '{}', 'A splendid pelt from a legendary buck', 0, 0.25),
	('legbucks2', 'Legendary Mudrunner Buck pelt', 20, 1, 'item_standard', 1, 399, 1, '{}', 'A distinct pelt from a legendary Mudrunner Buck', 0, 0.25),
	('legbucks3', 'Legendary Snow Buck pelt', 20, 1, 'item_standard', 1, 400, 1, '{}', 'A pristine pelt from a legendary Snow Buck', 0, 0.25),
	('legbucks4', 'Legendary Shadow Buck pelt', 20, 1, 'item_standard', 1, 401, 1, '{}', 'A mysterious pelt from a legendary Shadow Buck', 0, 0.25),
	('legcougars', 'Legendary Cougar skin', 20, 1, 'item_standard', 1, 402, 1, '{}', 'A rare and valuable skin from a legendary cougar', 0, 0.25),
	('legcougars1', 'Legendary Iguga Cougar pelt', 20, 1, 'item_standard', 1, 403, 1, '{}', 'A striking pelt from a legendary Iguga Cougar', 0, 0.25),
	('legcougars2', 'Legendary Maza Cougar pelt', 20, 1, 'item_standard', 1, 404, 1, '{}', 'An exceptional pelt from a legendary Maza Cougar', 0, 0.25),
	('legcougars3', 'Legendary Sapa Cougar pelt', 20, 1, 'item_standard', 1, 405, 1, '{}', 'A majestic pelt from a legendary Sapa Cougar', 0, 0.25),
	('legcougars4', 'Legendary Black Cougar pelt', 20, 1, 'item_standard', 1, 406, 1, '{}', 'A rare pelt from a legendary Black Cougar', 0, 0.25),
	('legcoyotes', 'Legendary Coyote skin', 20, 1, 'item_standard', 1, 407, 1, '{}', 'A prized skin from a legendary coyote', 0, 0.25),
	('legcoyotes1', 'Legendary Red Streak Coyote pelt', 20, 1, 'item_standard', 1, 408, 1, '{}', 'A vibrant pelt from a legendary Red Streak Coyote', 0, 0.25),
	('legcoyotes2', 'Legendary Midnight Paw Coyote pelt', 20, 1, 'item_standard', 1, 409, 1, '{}', 'A dark and mysterious pelt from a legendary Midnight Paw Coyote', 0, 0.25),
	('legcoyotes3', 'Legendary Milk Coyote pelt', 20, 1, 'item_standard', 1, 410, 1, '{}', 'A rare pelt from a legendary Milk Coyote', 0, 0.25),
	('legelkantler', 'Legendary Elk Antlers', 20, 1, 'item_standard', 1, 411, 1, '{}', 'A magnificent set of antlers from a legendary elk', 0, 0.25),
	('legelks', 'Legendary Elk pelt', 20, 1, 'item_standard', 1, 412, 1, '{}', 'An impressive pelt from a legendary elk', 0, 0.25),
	('legelks1', 'Legendary Katata Elk pelt', 20, 1, 'item_standard', 1, 413, 1, '{}', 'An exceptional pelt from a legendary Katata Elk', 0, 0.25),
	('legelks2', 'Legendary Ozula Elk pelt', 20, 1, 'item_standard', 1, 414, 1, '{}', 'A rare pelt from a legendary Ozula Elk', 0, 0.25),
	('legelks3', 'Legendary Inahme Elk pelt', 20, 1, 'item_standard', 1, 415, 1, '{}', 'An exquisite pelt from a legendary Inahme Elk', 0, 0.25),
	('legendbuckantler', 'Legendary Buck Antlers', 20, 1, 'item_standard', 1, 416, 1, '{}', 'A pair of majestic antlers from a legendary buck', 0, 0.25),
	('legendsnakes', 'Legendary Boa pelt', 20, 1, 'item_standard', 1, 417, 1, '{}', 'A rare and valuable pelt from a legendary boa', 0, 0.25),
	('legfoxs2', 'Legendary Marble Fox pelt', 20, 1, 'item_standard', 1, 418, 1, '{}', 'A beautiful pelt from a legendary Marble Fox', 0, 0.25),
	('legfoxs3', 'Legendary Cross Fox pelt', 20, 1, 'item_standard', 1, 419, 1, '{}', 'An exquisite pelt from a legendary Cross Fox', 0, 0.25),
	('legfoxskin', 'Legendary Fox skin', 20, 1, 'item_standard', 1, 420, 1, '{}', 'A valuable and versatile skin from a legendary fox', 0, 0.25),
	('leggbears', 'Legendary Bear skin', 20, 1, 'item_standard', 1, 421, 1, '{}', 'A formidable and sought-after skin from a legendary bear', 0, 0.25),
	('legmooseantler', 'Legendary Moose Antlers', 20, 1, 'item_standard', 1, 422, 1, '{}', 'A massive set of antlers from a legendary moose', 0, 0.25),
	('legmooses', 'Legendary Moose pelt', 20, 1, 'item_standard', 1, 423, 1, '{}', 'A majestic pelt from a legendary moose', 0, 0.25),
	('legmooses1', 'Legendary Snowflake Moose pelt', 20, 1, 'item_standard', 1, 424, 1, '{}', 'A pristine pelt from a legendary Snowflake Moose', 0, 0.25),
	('legmooses2', 'Legendary Knight Moose pelt', 20, 1, 'item_standard', 1, 425, 1, '{}', 'An impressive pelt from a legendary Knight Moose', 0, 0.25),
	('legmooses3', 'Legendary Rudy Moose pelt', 20, 1, 'item_standard', 1, 426, 1, '{}', 'A distinctive pelt from a legendary Rudy Moose', 0, 0.25),
	('legpanthers1', 'Legendary Nightwalker Panther pelt', 20, 1, 'item_standard', 1, 427, 1, '{}', 'A dark and elusive pelt from a legendary Nightwalker Panther', 0, 0.25),
	('legpanthers2', 'Legendary Ghost Panther pelt', 20, 1, 'item_standard', 1, 428, 1, '{}', 'An ethereal pelt from a legendary Ghost Panther', 0, 0.25),
	('legpanthers3', 'Legendary Iwakta Panther pelt', 20, 1, 'item_standard', 1, 429, 1, '{}', 'A rare and valuable pelt from a legendary Iwakta Panther', 0, 0.25),
	('legprongs', 'Legendary Pronghorn skin', 20, 1, 'item_standard', 1, 430, 1, '{}', 'A sleek and coveted skin from a legendary pronghorn', 0, 0.25),
	('legramhorn', 'Legendary Ram Horns', 20, 1, 'item_standard', 1, 431, 1, '{}', 'Impressive horns from a legendary ram', 0, 0.25),
	('legrams', 'Legendary Ram pelt', 20, 1, 'item_standard', 1, 432, 1, '{}', 'A distinctive pelt from a legendary ram', 0, 0.25),
	('legrams1', 'Legendary Gabbro Horn Ram pelt', 20, 1, 'item_standard', 1, 433, 1, '{}', 'A rare and valuable pelt from a legendary Gabbro Horn Ram', 0, 0.25),
	('legrams2', 'Legendary Chalk Horn Ram pelt', 20, 1, 'item_standard', 1, 434, 1, '{}', 'An exceptional pelt from a legendary Chalk Horn Ram', 0, 0.25),
	('legrams3', 'Legendary Rutile Horn Ram pelt', 20, 1, 'item_standard', 1, 435, 1, '{}', 'An exquisite pelt from a legendary Rutile Horn Ram', 0, 0.25),
	('legrams4', 'Legendary GreatHorn Ram pelt', 20, 1, 'item_standard', 1, 436, 1, '{}', 'An impressive pelt from a legendary GreatHorn Ram', 0, 0.25),
	('legwolfpelt', 'Legendary Wolf skin', 20, 1, 'item_standard', 1, 437, 1, '{}', 'A prized and valuable skin from a legendary wolf', 0, 0.25),
	('legwolfs1', 'Legendary Emerald Wolf pelt', 20, 1, 'item_standard', 1, 438, 1, '{}', 'A vibrant pelt from a legendary Emerald Wolf', 0, 0.25),
	('legwolfs2', 'Legendary Onyx Wolf pelt', 20, 1, 'item_standard', 1, 439, 1, '{}', 'nice item', 0, 0.25),
	('legwolfs3', 'Legendary Moonstone Wolf pelt', 20, 1, 'item_standard', 1, 440, 1, '{}', 'A magnificent pelt from a legendary Moonstone Wolf', 0, 0.25),
	('lizardl', 'Lizard foot', 20, 1, 'item_standard', 1, 441, 1, '{}', 'A preserved foot of a lizard', 0, 0.25),
	('lizards', 'Lizard pelt', 20, 1, 'item_standard', 1, 442, 1, '{}', 'A unique and scaly skin from a lizard', 0, 0.25),
	('lockpick', 'Lockpick', 5, 1, 'item_standard', 1, 443, 1, '{}', 'A handy tool used for picking locks', 0, 0.25),
	('lockpickmold', 'Lockpick Mold', 5, 1, 'item_standard', 1, 444, 1, '{}', 'A mold used for crafting lockpicks', 0, 0.25),
	('logbechs', 'Log Bench 2', 20, 1, 'item_standard', 1, 445, 1, '{}', 'A sturdy and rustic log bench design', 0, 0.25),
	('logbench', 'Log Bench 1', 20, 1, 'item_standard', 1, 446, 1, '{}', 'A simple and natural log bench', 0, 0.25),
	('log_bencha', 'Log Bench 1', 20, 1, 'item_standard', 1, 447, 1, '{}', 'A comfortable log bench for outdoor seating', 0, 0.25),
	('log_benchb', 'Log Bench 2', 20, 1, 'item_standard', 1, 448, 1, '{}', 'A spacious log bench for outdoor gatherings', 0, 0.25),
	('loonb', 'Common loon beak', 20, 1, 'item_standard', 1, 449, 1, '{}', 'The beak of a common loon bird', 0, 0.25),
	('loonf', 'Common loon feather', 20, 1, 'item_standard', 1, 450, 1, '{}', 'A beautiful feather from a common loon bird', 0, 0.25),
	('loungechair', 'Lounge Chair', 20, 1, 'item_standard', 1, 451, 1, '{}', 'A comfortable and stylish lounge chair', 0, 0.25),
	('loungechair2', 'Lounge Chair 2', 20, 1, 'item_standard', 1, 452, 1, '{}', 'A modern and luxurious lounge chair', 0, 0.25),
	('lumberaxe', 'Lumber Axe', 1, 1, 'item_standard', 1, 453, 1, '{}', 'A sturdy axe designed for cutting lumber', 0, 0.25),
	('lumberlicence', 'Lumberjack License', 1, 1, 'item_standard', 1, 1080, 1, '{}', 'You cannot cut wood without this license', 0, 0.25),
	('mackerel', 'Mackerel', 10, 1, 'item_standard', 0, 454, 1, '{}', 'A small and silvery fish called mackerel', 0, 0.25),
	('marriagebook', 'Marriage Book', 1, 1, 'item_standard', 1, 455, 1, '{}', 'A book containing the guidelines and rituals for marriage', 0, 0.25),
	('marriagecertification', 'Marriage Certify', 2, 1, 'item_standard', 1, 456, 1, '{}', 'A legal document certifying a marriage', 0, 0.25),
	('mashalaskan', 'Alaskan Gin Mash', 20, 1, 'item_standard', 1, 457, 1, '{}', 'A mixture of ingredients used in the production of Alaskan gin', 0, 0.25),
	('mashamerican', 'Alaskan Gin Mash', 20, 1, 'item_standard', 1, 458, 1, '{}', 'A blend of ingredients used in the production of Alaskan gin', 0, 0.25),
	('mashapple', 'Apple Mash', 20, 1, 'item_standard', 1, 459, 1, '{}', 'A mashed mixture of apples used for various recipes', 0, 0.25),
	('mashblackberry', 'Blackberry Mash', 20, 1, 'item_standard', 1, 460, 1, '{}', 'A mashed mixture of blackberries used in cooking and beverages', 0, 0.25),
	('mashblackberry90p', 'Blackberry Mash 90p', 20, 1, 'item_standard', 1, 461, 1, '{}', 'A concentrated blackberry mash used for crafting high-quality beverages', 0, 0.25),
	('mashpeach', 'Peach Mash', 20, 1, 'item_standard', 1, 462, 1, '{}', 'A mashed mixture of peaches used in culinary preparations', 0, 0.25),
	('mashplum', 'Plum Mash', 20, 1, 'item_standard', 1, 463, 1, '{}', 'A mashed mixture of plums used in cooking and distilling', 0, 0.25),
	('mashraspberry', 'Raspberry Mash', 20, 1, 'item_standard', 1, 464, 1, '{}', 'A mashed mixture of raspberries used for culinary purposes', 0, 0.25),
	('mashraspberry90p', 'Raspberry Mash 90p', 20, 1, 'item_standard', 1, 465, 1, '{}', 'A concentrated raspberry mash used for crafting potent beverages', 0, 0.25),
	('mashstrong', 'Strong Mash Batch', 20, 1, 'item_standard', 1, 466, 1, '{}', 'A powerful and highly concentrated mash batch for advanced recipes', 0, 0.25),
	('meat', 'Meat', 20, 1, 'item_standard', 1, 467, 1, '{}', 'Fresh and uncooked meat from various animals', 0, 0.25),
	('metal_gear', 'Metal gear', 10, 1, 'item_standard', 1, 798, 1, '{}', 'A metal gear used in many machines.', 0, 0.25),
	('mexitillas', 'Mexitillas', 10, 1, 'item_standard', 1, 799, 1, '{}', 'A can of mixed mexcian beans.', 0, 0.25),
	('mexitillastaco', 'Taco', 10, 1, 'item_standard', 1, 800, 1, '{}', 'A delicous taco.', 0, 0.25),
	('milk', 'Milk', 50, 1, 'item_standard', 1, 468, 1, '{}', 'A nutritious and creamy dairy product', 0, 0.25),
	('Milk_Weed', 'Milk Weed', 10, 1, 'item_standard', 1, 469, 1, '{}', 'A plant with milky sap used for medicinal purposes', 0, 0.25),
	('Milk_Weed_Seed', 'Milk Weed Seed', 10, 1, 'item_standard', 1, 470, 1, '{}', 'Seeds of the milkweed plant for cultivation', 0, 0.25),
	('mininglicence', 'Mining License', 1, 1, 'item_standard', 1, 1081, 1, '{}', 'You cannot go into the mine without this license', 0, 0.25),
	('money_coin', 'Coin', 10, 1, 'item_standard', 1, 801, 1, '{}', 'A simple metal coin', 0, 0.25),
	('money_coinpurse', 'Coin Purse', 10, 1, 'item_standard', 1, 802, 1, '{}', 'A small coin purse.', 0, 0.25),
	('moonshine', 'Moonshine', 10, 1, 'item_standard', 1, 471, 1, '{}', 'An illegally distilled and potent alcoholic beverage', 0, 0.25),
	('mooseantler', 'Moose Antlers', 20, 1, 'item_standard', 1, 472, 1, '{}', 'Impressive antlers shed by a moose', 0, 0.25),
	('mooses', 'Moose pelt', 20, 1, 'item_standard', 1, 473, 1, '{}', 'A large and thick fur coat from a moose', 0, 0.25),
	('morpcert', 'Morphine Prescription', 10, 1, 'item_standard', 1, 474, 1, '{}', 'A medical prescription for morphine medication', 0, 0.25),
	('morphine', 'Morphine', 10, 1, 'item_standard', 1, 475, 1, '{}', 'A potent analgesic and narcotic medication', 0, 0.25),
	('mountainmen', 'Mountain Camp Set', 20, 1, 'item_standard', 1, 476, 1, '{}', 'A set of equipment and supplies for a mountain camp', 0, 0.25),
	('mp001_p_mp_still02x', 'Brennerei', 1, 1, 'item_standard', 1, 477, 1, '{}', 'A large still used for distilling alcoholic beverages', 0, 0.25),
	('muskrats', 'Muskrat skin', 20, 1, 'item_standard', 1, 478, 1, '{}', 'The fur skin of a muskrat, commonly used for crafting', 0, 0.25),
	('Mutton', 'Mutton', 20, 1, 'item_standard', 1, 479, 1, '{}', 'Meat from mature sheep used in cooking', 0, 0.25),
	('nails', 'Nails', 40, 1, 'item_standard', 1, 480, 1, '{}', 'Small metal fasteners used for joining materials', 0, 0.25),
	('nativebasket1', 'Native Basket 1', 20, 1, 'item_standard', 1, 481, 1, '{}', 'A traditional native basket for carrying items', 0, 0.25),
	('nativebasket2', 'Native Basket 2', 20, 1, 'item_standard', 1, 482, 1, '{}', 'A second variation of a traditional native basket', 0, 0.25),
	('nativedecor', 'Native Decor Set', 20, 1, 'item_standard', 1, 483, 1, '{}', 'A set of decorative native items for display', 0, 0.25),
	('nativepot', 'Native Pot', 20, 1, 'item_standard', 1, 484, 1, '{}', 'A traditional native pot for cooking and storage', 0, 0.25),
	('nativeskull', 'Native Decor 1', 20, 1, 'item_standard', 1, 485, 1, '{}', 'A decorative native skull for ornamental purposes', 0, 0.25),
	('naturalwagon', 'Naturalists Wagon Set', 20, 1, 'item_standard', 1, 486, 1, '{}', 'A wagon set equipped for naturalists and explorers', 0, 0.25),
	('NeedleandThread', 'Needle and Thread', 5, 1, 'item_standard', 1, 1222, 1, '{}', '', 0, 0.25),
	('newspaper', 'Newspaper', 20, 1, 'item_standard', 1, 487, 1, '{}', 'A printed publication containing news and articles', 0, 0.25),
	('nightstand', 'Nightstand', 20, 1, 'item_standard', 1, 488, 1, '{}', 'A small bedside table for holding personal items', 0, 0.25),
	('nitrite', 'Nitrite', 20, 1, 'item_standard', 1, 489, 1, '{}', 'A chemical compound used in various industrial processes', 0, 0.25),
	('nitroglyserolia', 'Nitroglycerol', 30, 1, 'item_standard', 1, 490, 1, '{}', 'A highly explosive liquid compound used in explosives', 0, 0.25),
	('normaltable', 'Table', 20, 1, 'item_standard', 1, 491, 1, '{}', 'A standard table for dining or work purposes', 0, 0.25),
	('notebook', 'Notebook', 5, 1, 'item_standard', 1, 492, 1, '{}', 'A small book with blank pages for writing or drawing', 0, 0.25),
	('obed', 'Old bed', 20, 1, 'item_standard', 1, 493, 1, '{}', 'An old bed that has seen better days.', 0, 0.25),
	('oil_lantern', 'Oil Lantern', 1, 1, 'item_standard', 1, 998, 1, '{}', 'A portable light source.', 0, 0.25),
	('Oleander_Sage', 'Oleander Sage', 10, 1, 'item_standard', 1, 494, 1, '{}', 'A herb known for its medicinal properties.', 0, 0.25),
	('Oleander_Sage_Seed', 'Oleander Sage Seed', 10, 1, 'item_standard', 1, 495, 1, '{}', 'A seed that can be planted to grow Oleander Sage.', 0, 0.25),
	('opossumc', 'Opossum claws', 20, 1, 'item_standard', 1, 496, 1, '{}', 'Sharp claws from an opossum.', 0, 0.25),
	('opossums', 'Opossum skin', 20, 1, 'item_standard', 1, 497, 1, '{}', 'The fur and skin of an opossum.', 0, 0.25),
	('orden_presidente', 'Order of the President', 10, 1, 'item_standard', 0, 498, 1, '{}', 'A prestigious order awarded by the President.', 0, 0.25),
	('Oregano', 'Oregano', 10, 1, 'item_standard', 1, 499, 1, '{}', 'A fragrant herb commonly used in cooking.', 0, 0.25),
	('Oregano_Seed', 'Oregano Seed', 10, 1, 'item_standard', 1, 500, 1, '{}', 'A seed that can be planted to grow Oregano.', 0, 0.25),
	('oriole2_c', 'Hooded Oriole', 20, 1, 'item_standard', 1, 501, 1, '{}', 'Brightly colored feathers from a Hooded Oriole.', 0, 0.25),
	('oriole_c', 'Oriole', 20, 1, 'item_standard', 1, 502, 1, '{}', 'Vibrant feathers from an Oriole bird.', 0, 0.25),
	('others_craftbook', 'Others Craftbook', 1, 1, 'item_standard', 1, 1649, 1, '{}', 'Used to open the miscellaneous items crafting menu.', 0, 0.25),
	('owlf', 'Owl feather', 20, 1, 'item_standard', 1, 503, 1, '{}', 'Feathers shed by an owl.', 0, 0.25),
	('owlt', 'Owl claws', 20, 1, 'item_standard', 1, 504, 1, '{}', 'Sharp claws from an owl.', 0, 0.25),
	('oxhorn', 'Angus Bull horn', 20, 1, 'item_standard', 1, 505, 1, '{}', 'A sturdy horn from an Angus Bull.', 0, 0.25),
	('oxs', 'Angus Bull pelt', 20, 1, 'item_standard', 1, 506, 1, '{}', 'The thick fur and skin of an Angus Bull.', 0, 0.25),
	('panthere', 'Panther eyes', 20, 1, 'item_standard', 1, 507, 1, '{}', 'Intense and captivating eyes from a panther.', 0, 0.25),
	('panthers', 'Panther skin', 20, 1, 'item_standard', 1, 508, 1, '{}', 'The sleek and supple skin of a panther.', 0, 0.25),
	('paper', 'Paper', 20, 1, 'item_standard', 1, 509, 1, '{}', 'Sheets of paper for writing or drawing.', 0, 0.25),
	('parasol', 'Parasol', 1, 1, 'item_standard', 1, 510, 1, '{}', 'A stylish and functional parasol to shield from the sun.', 0, 0.25),
	('Parasol_Mushroom', 'Parasol Mushroom', 10, 1, 'item_standard', 1, 511, 1, '{}', 'A mushroom with a wide, umbrella-like cap.', 0, 0.25),
	('Parasol_Mushroom_Seed', 'Parasol Mushroom Seed', 10, 1, 'item_standard', 1, 512, 1, '{}', 'A seed that can be planted to grow parasol mushrooms.', 0, 0.25),
	('peachseeds', 'Peach Seeds', 10, 1, 'item_standard', 1, 513, 1, '{}', 'Seeds that can be planted to grow peach trees.', 0, 0.25),
	('pearl', 'Pearl', 10, 1, 'item_standard', 1, 803, 1, '{}', 'A hard, glistening object produced within the soft tissue of a living shelled mollusk.', 0, 0.25),
	('peasantb', 'Peasant beak', 20, 1, 'item_standard', 1, 514, 1, '{}', 'The beak of a peasant bird.', 0, 0.25),
	('peasantf', 'Peasant feather', 20, 1, 'item_standard', 1, 515, 1, '{}', 'A feather from a peasant bird.', 0, 0.25),
	('pecaris', 'Peccary pelt', 20, 1, 'item_standard', 1, 516, 1, '{}', 'The fur of a peccary, a pig-like mammal.', 0, 0.25),
	('pelicanb', 'Pelican beak', 20, 1, 'item_standard', 1, 517, 1, '{}', 'The beak of a pelican bird.', 0, 0.25),
	('pelicanf', 'Pelican feather', 20, 1, 'item_standard', 1, 518, 1, '{}', 'A feather from a pelican bird.', 0, 0.25),
	('pen', 'Pen', 2, 1, 'item_standard', 0, 519, 1, '{}', 'A writing instrument used to apply ink.', 0, 0.25),
	('pheasant_taxidermy', 'Pheasant Taxidermy', 20, 1, 'item_standard', 1, 520, 1, '{}', 'A preserved mount of a pheasant bird for display.', 0, 0.25),
	('phestaxi', 'Pheasant Taxidermy', 20, 1, 'item_standard', 1, 521, 1, '{}', 'A preserved mount of a pheasant bird for display.', 0, 0.25),
	('pickaxe', 'Pickaxe', 1, 1, 'item_standard', 0, 522, 1, '{}', 'A tool with a pointed end and a handle, used for breaking up rocks and mining.', 0, 0.25),
	('pigeon_c', 'Pigeon', 20, 1, 'item_standard', 1, 523, 1, '{}', 'A pigeon bird.', 0, 0.25),
	('pigs', 'Pig pelt', 20, 1, 'item_standard', 1, 524, 1, '{}', 'The skin and fur of a pig.', 0, 0.25),
	('pipe', 'Pipe', 5, 1, 'item_standard', 1, 525, 1, '{}', 'A tubular device used for smoking tobacco or other substances.', 0, 0.25),
	('pipecopper', 'Copper Pipe', 5, 1, 'item_standard', 1, 526, 1, '{}', 'A pipe made of copper.', 0, 0.25),
	('planttrimmer', 'Plant Trimmer', 10, 1, 'item_standard', 1, 804, 1, '{}', 'A set plant trimmers to keep the weeds in check.', 0, 0.25),
	('pocket_watch', 'Pocket Watch', 5, 1, 'item_standard', 1, 527, 1, '{}', 'A small timepiece designed to be carried in a pocket.', 0, 0.25),
	('pokerset', 'Poker Table Set', 20, 1, 'item_standard', 1, 528, 1, '{}', 'A complete set for playing poker, including a table and cards.', 0, 0.25),
	('pomade', 'Pomade', 1, 1, 'item_standard', 1, 1489, 1, '{}', 'nice item', 0, 0.25),
	('pork', 'Pork', 20, 1, 'item_standard', 1, 529, 1, '{}', 'The meat from a pig, commonly used for cooking and eating.', 0, 0.25),
	('porkfat', 'Pig fat', 20, 1, 'item_standard', 1, 530, 1, '{}', 'The fat obtained from a pig, often used in cooking and making lard.', 0, 0.25),
	('portable_canoe', 'Portable Canoe', 1, 1, 'item_standard', 1, 1414, 1, '{}', 'Bryce Canyon Canoes', 0, 0.25),
	('pot', 'Distillery Pot', 1, 1, 'item_standard', 1, 531, 1, '{}', 'A large pot used in the distillation process for making alcohol.', 0, 0.25),
	('pota', 'House Pot', 20, 1, 'item_standard', 1, 532, 1, '{}', 'A pot typically used for cooking and boiling ingredients.', 0, 0.25),
	('potato', 'Potato', 20, 1, 'item_standard', 1, 533, 1, '{}', 'An edible starchy tuber that is commonly used in cooking.', 0, 0.25),
	('potatoseed', 'Potato Seed', 10, 1, 'item_standard', 1, 534, 1, '{}', 'A seed that can be planted to grow potato plants.', 0, 0.25),
	('potion', 'Potion', 5, 1, 'item_standard', 1, 960, 1, '{}', 'A potion with magical healing properties.', 0, 0.25),
	('prairib', 'Prairie Chicken Beak', 20, 1, 'item_standard', 1, 535, 1, '{}', 'The beak of a prairie chicken, a bird species found in grassland habitats.', 0, 0.25),
	('Prairie_Poppy', 'Prairie Poppy', 10, 1, 'item_standard', 1, 536, 1, '{}', 'A type of poppy flower that is native to prairie regions.', 0, 0.25),
	('Prairie_Poppy_Seed', 'Prairie Poppy Seed', 10, 1, 'item_standard', 1, 537, 1, '{}', 'A seed that can be planted to grow prairie poppy flowers.', 0, 0.25),
	('prairif', 'Prairie Chicken Feather', 20, 1, 'item_standard', 1, 538, 1, '{}', 'A feather from a prairie chicken bird, often used in crafts and decorations.', 0, 0.25),
	('pronghornh', 'Pronghorn Horn', 20, 1, 'item_standard', 1, 539, 1, '{}', 'The horn of a pronghorn, a mammal native to North America.', 0, 0.25),
	('prongs', 'Pronghorn Skin', 20, 1, 'item_standard', 1, 540, 1, '{}', 'The skin of a pronghorn, known for its soft and durable fur.', 0, 0.25),
	('provision_arrowhead_agate', 'Agate Arrowhead', 10, 1, 'item_standard', 1, 805, 1, '{}', 'A rare arrowhead fashioned from sharp, colorful agate.', 0, 0.25),
	('provision_arrowhead_bone', 'Bone Arrowhead', 10, 1, 'item_standard', 1, 806, 1, '{}', 'A serrated arrowhead made from animal bone.', 0, 0.25),
	('provision_arrowhead_chipped', 'Chipped Arrowhead', 10, 1, 'item_standard', 1, 807, 1, '{}', 'A hurriedly made arrowhead made from chiseled flint.', 0, 0.25),
	('provision_arrowhead_crude', 'Crude Arrowhead', 10, 1, 'item_standard', 1, 808, 1, '{}', 'A clumsily made flint arrowhead, blunt from age.', 0, 0.25),
	('provision_arrowhead_feldspar', 'Feldspar Arrowhead', 10, 1, 'item_standard', 1, 809, 1, '{}', 'A mysterious arrowhead made from some sort of feldspar.', 0, 0.25),
	('provision_arrowhead_granite', 'Flint Arrowhead', 10, 1, 'item_standard', 1, 810, 1, '{}', 'A strong arrowhead made of flint.', 0, 0.25),
	('provision_arrowhead_obsidian', 'Obsidian Arrowhead', 10, 1, 'item_standard', 1, 811, 1, '{}', 'A valuable arrowhead of smooth, gleaming obsidian.', 0, 0.25),
	('provision_arrowhead_quartz', 'Quartz Arrowhead', 10, 1, 'item_standard', 1, 812, 1, '{}', 'An eye-catching arrowhead of cut quartz, in good condition.', 0, 0.25),
	('provision_arrowhead_raw', 'Raw Arrowhead', 10, 1, 'item_standard', 1, 813, 1, '{}', 'A roughly hacked arrowhead made from pale stone.', 0, 0.25),
	('provision_arrowhead_rough', 'Rough Arrowhead', 10, 1, 'item_standard', 1, 814, 1, '{}', 'A stone arrowhead, badly weathered over time.', 0, 0.25),
	('provision_arrowhead_slate', 'Slate Arrowhead', 10, 1, 'item_standard', 1, 815, 1, '{}', 'A carefully made, well-preserved slate arrowhead.', 0, 0.25),
	('provision_arrowhead_splintered', 'Splintered Arrowhead', 10, 1, 'item_standard', 1, 816, 1, '{}', 'A partially damaged, jagged arrowhead made of chert.', 0, 0.25),
	('provision_asteroid_chunk', 'Meteorite', 10, 1, 'item_standard', 1, 817, 1, '{}', 'A rock that has fallen from space.', 0, 0.25),
	('provision_bracelet_gold', 'Gold Bracelet', 10, 1, 'item_standard', 1, 818, 1, '{}', 'A gold bracelet.', 0, 0.25),
	('provision_bracelet_platinum', 'Platinum Bracelet', 10, 1, 'item_standard', 1, 819, 1, '{}', 'A platinum bracelet', 0, 0.25),
	('provision_bracelet_silver', 'Silver Bracelet', 10, 1, 'item_standard', 1, 820, 1, '{}', 'A silver bracelet.', 0, 0.25),
	('provision_bra_shield', 'Brass Shield', 10, 1, 'item_standard', 1, 821, 1, '{}', 'An old brass shield. Probably valuable.', 0, 0.25),
	('provision_buckle_gold', 'Gold Buckle', 10, 1, 'item_standard', 1, 822, 1, '{}', 'A gold belt buckle.', 0, 0.25),
	('provision_buckle_platinum', 'Platinum Buckle', 10, 1, 'item_standard', 1, 823, 1, '{}', 'A platinum belt buckle.', 0, 0.25),
	('provision_buckle_silver', 'Silver Buckle', 10, 1, 'item_standard', 1, 824, 1, '{}', 'A silver belt buckle.', 0, 0.25),
	('provision_calderon_cross', 'Wooden Cross', 10, 1, 'item_standard', 1, 825, 1, '{}', 'A simple wooden cross. Often used by preists and clergymen.', 0, 0.25),
	('provision_capitale', 'Capitale', 10, 1, 'item_standard', 1, 826, 1, '{}', 'Capitale. very valuable.', 0, 0.25),
	('provision_coin_1700_ny_tkn', '1700 New Yorke Token', 10, 1, 'item_standard', 1, 827, 1, '{}', 'A rare 1700 New Yorke Token', 0, 0.25),
	('provision_coin_1787_cent_tkn', '1787 One cent Token', 10, 1, 'item_standard', 1, 828, 1, '{}', 'A rare 1787 One cent Token', 0, 0.25),
	('provision_coin_1789_pny', '1789 Penny', 10, 1, 'item_standard', 1, 829, 1, '{}', 'A rare 1789 Penny', 0, 0.25),
	('provision_coin_1792_lib_qtr', '1792 Liberty Quarter', 10, 1, 'item_standard', 1, 830, 1, '{}', 'A rare 1792 Liberty Quarter', 0, 0.25),
	('provision_coin_1792_nickel', '1792 Nickel', 10, 1, 'item_standard', 1, 831, 1, '{}', 'A rare 1792 Nickel', 0, 0.25),
	('provision_coin_1792_qtr', '1792 Quarter', 10, 1, 'item_standard', 1, 832, 1, '{}', 'A rare 1792 Quarter', 0, 0.25),
	('provision_coin_1794_slv_dlr', '1794 Silver Dollar', 10, 1, 'item_standard', 1, 833, 1, '{}', 'A rare 1794 Silver Dollar', 0, 0.25),
	('provision_coin_1795_hlf_eag', '1795 Half Eagle', 10, 1, 'item_standard', 1, 834, 1, '{}', 'A rare 1795 Half Eagle', 0, 0.25),
	('provision_coin_1796_hlf_pny', '1796 Half Penny', 10, 1, 'item_standard', 1, 835, 1, '{}', 'A rare 1796 Half Penny', 0, 0.25),
	('provision_coin_1797_gld_eag', '1797 Gold Eagle', 10, 1, 'item_standard', 1, 836, 1, '{}', 'A rare 1797 Gold Eagle', 0, 0.25),
	('provision_coin_1798_slv_dlr', '1798 Silver Dollar', 10, 1, 'item_standard', 1, 837, 1, '{}', 'A rare 1798 Silver Dollar', 0, 0.25),
	('provision_coin_1800_five_dlr', '1800 Five Dollar', 10, 1, 'item_standard', 1, 838, 1, '{}', 'A rare 1800 Five Dollar', 0, 0.25),
	('provision_coin_1800_gld_dlr', '1800 Gold Dollar', 10, 1, 'item_standard', 1, 839, 1, '{}', 'A rare 1800 Gold Dollar', 0, 0.25),
	('provision_coin_1800_gld_qtr', '1800 Gold Quarter', 10, 1, 'item_standard', 1, 840, 1, '{}', 'A rare 1800 Gold Quarter', 0, 0.25),
	('provision_coin_1800_hlf_dime', '1800 Half Dime', 10, 1, 'item_standard', 1, 841, 1, '{}', 'A rare 1800 Half Dime', 0, 0.25),
	('provision_db_finger_bone', 'Bone', 10, 1, 'item_standard', 1, 842, 1, '{}', 'A small bone possibly from a finger.', 0, 0.25),
	('provision_diamond_ring', 'Diamond Ring', 10, 1, 'item_standard', 1, 843, 1, '{}', 'A beautiful diamond ring.', 0, 0.25),
	('provision_disco_ammolite', 'Ammolite', 10, 1, 'item_standard', 1, 844, 1, '{}', 'Fossilized shell of an ammonite.', 0, 0.25),
	('provision_disco_ancient_eagle', 'Ancient Eagle', 10, 1, 'item_standard', 1, 845, 1, '{}', 'An ancient eagle statue.', 0, 0.25),
	('provision_disco_ancient_necklace', 'Ancient Necklace', 10, 1, 'item_standard', 1, 846, 1, '{}', 'An ancient necklace.', 0, 0.25),
	('provision_disco_fertility_statue', 'Fertility Statue', 10, 1, 'item_standard', 1, 847, 1, '{}', 'A statue that apparently possesses the power to grant fertility.', 0, 0.25),
	('provision_disco_fluorite', 'Fluorite', 10, 1, 'item_standard', 1, 848, 1, '{}', 'The mineral form of calcium fluoride.', 0, 0.25),
	('provision_disco_shrunken_head', 'Shrunken Head', 10, 1, 'item_standard', 1, 849, 1, '{}', 'A shurken head. possibly used in vodoo.', 0, 0.25),
	('provision_disco_urn', 'Urn', 10, 1, 'item_standard', 1, 850, 1, '{}', 'A simple urn often used to hold things.', 0, 0.25),
	('provision_disco_viking_comb', 'Viking Comb', 10, 1, 'item_standard', 1, 851, 1, '{}', 'A old viking comb.', 0, 0.25),
	('provision_dog_tag', 'Dog Tag', 10, 1, 'item_standard', 1, 852, 1, '{}', 'A dog tag. Possibly from a soldier.', 0, 0.25),
	('provision_earring_gold', 'Gold Earring', 10, 1, 'item_standard', 1, 853, 1, '{}', 'A gold earring.', 0, 0.25),
	('provision_earring_pearl', 'Pearl Earring', 10, 1, 'item_standard', 1, 854, 1, '{}', 'A gold earring.', 0, 0.25),
	('provision_earring_platinum', 'Platinum Earring', 10, 1, 'item_standard', 1, 855, 1, '{}', 'A beautiful pearl earring.', 0, 0.25),
	('provision_earring_silver', 'Silver Earring', 10, 1, 'item_standard', 1, 856, 1, '{}', 'A silver earring.', 0, 0.25),
	('provision_generic_key', 'Key', 10, 1, 'item_standard', 1, 857, 1, '{}', 'A simple key.', 0, 0.25),
	('provision_hrlm_brush_boar', 'Boar bristle Brush', 10, 1, 'item_standard', 1, 858, 1, '{}', 'A beautifully made boar bristle brush.', 0, 0.25),
	('provision_hrlm_brush_ebony', 'Ebony Hairbrush', 10, 1, 'item_standard', 1, 859, 1, '{}', 'A delicate and finely crafted ebony brush.', 0, 0.25),
	('provision_hrlm_brush_goathair', 'Goat Hair Brush', 10, 1, 'item_standard', 1, 860, 1, '{}', 'A exquisite hand crafted goat hair brush.', 0, 0.25),
	('provision_hrlm_brush_horsehair', 'Horse Hair brush', 10, 1, 'item_standard', 1, 861, 1, '{}', 'A finley made horse hair brush.', 0, 0.25),
	('provision_hrlm_brush_rosewood', 'Rosewood Hairbrush', 10, 1, 'item_standard', 1, 862, 1, '{}', 'A hand carved rosewood brush.', 0, 0.25),
	('provision_hrlm_brush_rosewood_ng', 'New Guinea Rosewood Hairbrush', 10, 1, 'item_standard', 1, 863, 1, '{}', 'An exotic new guinea rosewood hairbrush.', 0, 0.25),
	('provision_hrlm_comb_boxwood', 'Boxwood Comb', 10, 1, 'item_standard', 1, 864, 1, '{}', 'A finley made boxwood comb.', 0, 0.25),
	('provision_hrlm_comb_cherrywood', 'Cherrywood Comb', 10, 1, 'item_standard', 1, 865, 1, '{}', 'A exquisite cheerywood comb.', 0, 0.25),
	('provision_hrlm_comb_ivory', 'Ivory Comb', 10, 1, 'item_standard', 1, 866, 1, '{}', 'A delicate ivory comb.', 0, 0.25),
	('provision_hrlm_comb_tortoiseshell', 'Tortoiseshell Comb', 10, 1, 'item_standard', 1, 867, 1, '{}', 'A beautiful tortoiseshell comb.', 0, 0.25),
	('provision_hrlm_hairpin_ebony', 'Ebony Hairpin', 10, 1, 'item_standard', 1, 868, 1, '{}', 'A exquisite ebony hairpin.', 0, 0.25),
	('provision_hrlm_hairpin_ivory', 'Ivory Hairpin', 10, 1, 'item_standard', 1, 869, 1, '{}', 'A delicate ivory hairpin.', 0, 0.25),
	('provision_hrlm_hairpin_jade', 'Jade Hairpin', 10, 1, 'item_standard', 1, 870, 1, '{}', 'A exotic jade hairpin.', 0, 0.25),
	('provision_hrlm_hairpin_metal', 'Meatl Hairpin', 10, 1, 'item_standard', 1, 871, 1, '{}', 'A beautiful metal hairpin.', 0, 0.25),
	('provision_hrlm_hairpin_wooden', 'Wooden Hairpin', 10, 1, 'item_standard', 1, 872, 1, '{}', 'A hand carved wooden hairpin.', 0, 0.25),
	('provision_jail_keys', 'Jail Keys', 10, 1, 'item_standard', 1, 541, 1, '{}', 'A set of keys used to unlock jail cells and gates.', 0, 0.25),
	('provision_jewelry_amethyst_necklace', 'Richelieu Amethyst Necklace', 10, 1, 'item_standard', 1, 873, 1, '{}', 'A delicate necklace featuring a duo of purple amethyst and silver pearl.', 0, 0.25),
	('provision_jewelry_blck_pearl_necklace', 'Tuamotu Pearl Necklace', 10, 1, 'item_standard', 1, 874, 1, '{}', 'A silk strung necklace of magnificent black Tahitian pearls.', 0, 0.25),
	('provision_jewelry_box', 'Jewelry Box', 10, 1, 'item_standard', 1, 875, 1, '{}', 'A small jewlery box.', 0, 0.25),
	('provision_jewelry_carved_bracelet', 'Elliston Carved Bracelet', 10, 1, 'item_standard', 1, 876, 1, '{}', 'A solid gold bracelet with elegant etching.', 0, 0.25),
	('provision_jewelry_coral_dngl_earring', 'Emmeline Coral Earrings', 10, 1, 'item_standard', 1, 877, 1, '{}', 'Drop hook earrings of polished pink coral set in gold.', 0, 0.25),
	('provision_jewelry_coral_ring', 'Harland Coral Ring', 10, 1, 'item_standard', 1, 878, 1, '{}', 'A delicate gold ring featuring a large angel skin coral.', 0, 0.25),
	('provision_jewelry_dmnd_bngle_bracelet', 'Abelló Ruby Bangle Bracelet', 10, 1, 'item_standard', 1, 879, 1, '{}', 'A hinged gold bangle with a series of claw set rubies.', 0, 0.25),
	('provision_jewelry_dmnd_pendt_earring', 'Orchidée Diamond Earrings', 10, 1, 'item_standard', 1, 880, 1, '{}', 'Earrings set with clusters of brilliant cut diamonds in a floral pattern.', 0, 0.25),
	('provision_jewelry_elk_tooth_earring', 'Sterling Tooth Earrings', 10, 1, 'item_standard', 1, 881, 1, '{}', 'A striking pair of elk teeth set into silver.', 0, 0.25),
	('provision_jewelry_emerald_earring', 'Duchess Emerald Earrings', 10, 1, 'item_standard', 1, 882, 1, '{}', 'A famous set of oval cut emeralds fashioned into earrings.', 0, 0.25),
	('provision_jewelry_emerald_ring', 'Bosque Emerald Ring', 10, 1, 'item_standard', 1, 883, 1, '{}', 'A gold band with an extravagant bezel set Columbian emerald.', 0, 0.25),
	('provision_jewelry_french_dmnd_ring', 'Beaulieux Diamond Ring', 10, 1, 'item_standard', 1, 884, 1, '{}', 'A number of old mine cut diamonds claw set in a silver ring from France.', 0, 0.25),
	('provision_jewelry_gld_bngle_bracelet', 'Ojeda Rose Gold Bangle Bracelet', 10, 1, 'item_standard', 1, 885, 1, '{}', 'A large bracelet of rose gold with elaborate cameo detailing.', 0, 0.25),
	('provision_jewelry_gld_cross_necklace', 'Ainsworth Cross Necklace', 10, 1, 'item_standard', 1, 886, 1, '{}', 'A solid gold chain necklace with an etched gold cross.', 0, 0.25),
	('provision_jewelry_gld_pearl_necklace', 'Rou Pearl Necklace', 10, 1, 'item_standard', 1, 887, 1, '{}', 'A necklace made of fine rose gold featuring a single pearl from the Orient.', 0, 0.25),
	('provision_jewelry_gld_pendt_necklace', 'Gosselin White Gold Necklace', 10, 1, 'item_standard', 1, 888, 1, '{}', 'A lavalier style white gold necklace with a series of small diamonds.', 0, 0.25),
	('provision_jewelry_grnet_bracelet', 'Hajnal Garnet Bangle Bracelet', 10, 1, 'item_standard', 1, 889, 1, '{}', 'A bohemian style silver bangle with numerous claw set garnets.', 0, 0.25),
	('provision_jewelry_grnet_post_earring', 'Harford Garnet Earrings', 10, 1, 'item_standard', 1, 890, 1, '{}', 'Clustered garnet studs with silver posts and scrolls.', 0, 0.25),
	('provision_jewelry_moon_ring', 'Pilgrim Moonstone Ring', 10, 1, 'item_standard', 1, 891, 1, '{}', 'A thick gold band with a single claw set moonstone.', 0, 0.25),
	('provision_jewelry_mthr_pearl_necklace', 'Pellé Pearl Necklace', 10, 1, 'item_standard', 1, 892, 1, '{}', 'A beaded chain necklace with a fashionable mother of pearl pendant.', 0, 0.25),
	('provision_jewelry_onyx_ring', 'Aubrey Onyx Ring', 10, 1, 'item_standard', 1, 893, 1, '{}', 'A rare white gold ring with a bezel set diamond surrounded by polished onyx.', 0, 0.25),
	('provision_jewelry_pearl_bracelet', 'Durant Pearl Bracelet', 10, 1, 'item_standard', 1, 894, 1, '{}', 'An intricate link bracelet with natural pearls and gold filigree.', 0, 0.25),
	('provision_jewelry_pearl_earring', 'Josephine Pearl Earrings', 10, 1, 'item_standard', 1, 895, 1, '{}', 'Fashionable pearl earrings with neat gold hooks.', 0, 0.25),
	('provision_jewelry_pearl_ring', 'Bonnard Pearl Ring', 10, 1, 'item_standard', 1, 896, 1, '{}', 'A valuable pearl set into a white gold band.', 0, 0.25),
	('provision_jewelry_pers_turq_ring', 'Thorburn Turquoise Ring', 10, 1, 'item_standard', 1, 897, 1, '{}', 'A delicately crafted rose gold ring with turquoise beads.', 0, 0.25),
	('provision_jewelry_porcelain_necklace', 'Braxton Amethyst Necklace', 10, 1, 'item_standard', 1, 898, 1, '{}', 'A fashionable necklace with a porcelain hand painted miniature.', 0, 0.25),
	('provision_jewelry_qn_dmnd_earring', 'Royal Victoria Diamond Earrings', 10, 1, 'item_standard', 1, 899, 1, '{}', 'A series of small diamonds claw set in a floral cluster on a white gold band.', 0, 0.25),
	('provision_jewelry_rudy_dngl_earring', 'Beauchêne Ruby Earrings', 10, 1, 'item_standard', 1, 900, 1, '{}', 'Elaborate gold hook earrings with vivid rubies.', 0, 0.25),
	('provision_jewelry_slvr_pearl_necklace', 'Silver Pearl Necklace', 10, 1, 'item_standard', 1, 901, 1, '{}', 'A necklace made of fine silver and pearls.', 0, 0.25),
	('provision_jewelry_sphr_bngle_bracelet', 'Greco Sapphire Bracelet', 10, 1, 'item_standard', 1, 902, 1, '{}', 'A delicate gold bracelet with three small sapphires.', 0, 0.25),
	('provision_jewelry_sphr_bracelet', 'Helena Sapphire Bracelet', 10, 1, 'item_standard', 1, 903, 1, '{}', 'A fine silver bracelet with claw set sapphires.', 0, 0.25),
	('provision_jewelry_topaz_necklace', 'Dane Topaz Necklace', 10, 1, 'item_standard', 1, 904, 1, '{}', 'A precious platinum chain necklace with a small drop of topaz.', 0, 0.25),
	('provision_jewelry_topaz_ring', 'Banais Topaz Ring', 10, 1, 'item_standard', 1, 905, 1, '{}', 'A neat silver wedding ring with brilliant cut topaz.', 0, 0.25),
	('provision_jewelry_turquoise_bracelet', 'Infanta Turquoise Bracelet', 10, 1, 'item_standard', 1, 906, 1, '{}', 'A solid silver bracelet with a large turquoise stone.', 0, 0.25),
	('provision_jewelry_turquoise_ring', 'Magnate Turquoise Ring', 10, 1, 'item_standard', 1, 907, 1, '{}', 'A solid gold ring with an oval of polished turquoise from Persia.', 0, 0.25),
	('provision_jewelry_turq_stud_earring', 'Calumet Turquoise Earrings', 10, 1, 'item_standard', 1, 908, 1, '{}', 'Lavish gold studs with claw set turquoise stones.', 0, 0.25),
	('provision_jewelry_whtgld_dmnd_ring', 'Sackville Diamond Ring', 10, 1, 'item_standard', 1, 909, 1, '{}', 'A series of small diamonds claw set in a floral cluster on a white gold band.', 0, 0.25),
	('provision_jewelry_wht_dmnd_earring', 'Endicott Diamond Earrings', 10, 1, 'item_standard', 1, 910, 1, '{}', 'Exquisite pendant earrings with old mine cut diamonds.', 0, 0.25),
	('provision_jewelry_ylwgld_dmnd_ring', 'Yates Diamond Ring', 10, 1, 'item_standard', 1, 911, 1, '{}', 'An intricate gold band with one cushion cut diamond.', 0, 0.25),
	('provision_ring_platinum', 'Platinum Ring', 10, 1, 'item_standard', 1, 912, 1, '{}', 'A finely crafted platinum ring.', 0, 0.25),
	('provision_ro_flower_acunas_star', 'Acunas Star Orchid', 10, 1, 'item_standard', 1, 913, 1, '{}', 'The Acunas Star Orchid an be identified by the branching of the stems, alternate leaves, and cream colored petals. The trailing plant is often found on the ground or growing around trees in swampland areas.', 0, 0.25),
	('provision_ro_flower_cigar', 'Cigar Orchid', 10, 1, 'item_standard', 1, 914, 1, '{}', 'The Cigar Orchid can be identified by the inflorescence which can produce around five hundred bright yellow flowers with purple and brown markings.', 0, 0.25),
	('provision_ro_flower_clamshell', 'Clamshell Orchid', 10, 1, 'item_standard', 1, 915, 1, '{}', 'The Clamshell Orchid can be identified by the deep purple and white petals with yellow streaks, and thin leaves.', 0, 0.25),
	('provision_ro_flower_dragons', 'Dragons Orchid', 10, 1, 'item_standard', 1, 916, 1, '{}', 'Dragons Mouth Orchids can be recognized by their wild purple flowers which are said to resemble a dragon. The general size of this type of orchid is around six inches.', 0, 0.25),
	('provision_ro_flower_ghost', 'Ghost Orchid', 10, 1, 'item_standard', 1, 917, 1, '{}', 'The Ghost Orchid is named after the white to pale pink flowers that can be seen in shaded habitats. This small orchid grows in shaded areas, such as woodlands, and under leaves and soil, with only the flower appearing above ground.', 0, 0.25),
	('provision_ro_flower_lady_of_night', 'Lady of Night Orchid', 10, 1, 'item_standard', 1, 918, 1, '{}', 'Lady of the Night Orchid takes its name from the sweet citrus fragrance it produces during nightfall. The orchid can be identified by the white heart shaped flowers and long leaves.', 0, 0.25),
	('provision_ro_flower_lady_slipper', 'Lady Slipper Orchid', 10, 1, 'item_standard', 1, 919, 1, '{}', 'Lady Slipper Orchid can be identified by the large bulbous purple flower and speckled purple leaves. This type of orchid can be seen growing in the ground of forests, meadows and woodland areas.', 0, 0.25),
	('provision_ro_flower_moccasin', 'Moccasin Orchid', 10, 1, 'item_standard', 1, 920, 1, '{}', 'Moccasin Flower Orchid can be identified by the yellow pouch like petal, red sepals, and wide leaves. This orchid can be found growing near pines or conifers in woodlands and forests.', 0, 0.25),
	('provision_ro_flower_night_scented', 'Night Scented Orchid', 10, 1, 'item_standard', 1, 921, 1, '{}', 'Night Scented Orchid can be identified by the alternate stems, the long sepals, and white petal flowers. This orchid can be found growing upon another plant, often draping down from trees.', 0, 0.25),
	('provision_ro_flower_queens', 'Queens Orchid', 10, 1, 'item_standard', 1, 922, 1, '{}', 'The Queens Orchid can be identified by the white sepals, and purple and white curled petal.', 0, 0.25),
	('provision_ro_flower_rat_tail', 'Rat Tail Orchid', 10, 1, 'item_standard', 1, 923, 1, '{}', 'The Rat Tail Orchid has long, thin hanging stems, pencil-like leaves and rigid flowering stems bearing up to twelve crowded white to cream-coloured flowers.', 0, 0.25),
	('provision_ro_flower_sparrows', 'Sparrows Orchid', 10, 1, 'item_standard', 1, 924, 1, '{}', 'The Sparrows Orchid usually has 3 to 7 oval or lance-shaped leaves arranged alternately on the stem.', 0, 0.25),
	('provision_ro_flower_spider', 'Spider Orchid', 10, 1, 'item_standard', 1, 925, 1, '{}', 'The Spider Orchid is Characterised by five long spreading petals and sepals around a broad down-curled lip.', 0, 0.25),
	('pulp', 'Pulp', 20, 1, 'item_standard', 0, 542, 1, '{}', 'A soft and moist mass of plant fibers, typically obtained from crushing or processing plant materials.', 0, 0.25),
	('p_baitBread01x', 'Bread Bait', 20, 1, 'item_standard', 1, 543, 1, '{}', 'A piece of bread used as bait for fishing.', 0, 0.25),
	('p_baitCheese01x', 'Cheese Bait', 10, 1, 'item_standard', 1, 946, 1, '{}', 'A soft cheese bait, favored by fish with a strong sense of smell like catfish.', 0, 0.25),
	('p_baitCorn01x', 'Corn Bait', 10, 1, 'item_standard', 1, 945, 1, '{}', 'A simple bait made from corn, commonly used to attract small freshwater fish.', 0, 0.25),
	('p_baitCricket01x', 'Cricket Bait', 10, 1, 'item_standard', 1, 948, 1, '{}', 'A lively bait made from crickets, effective for attracting larger fish.', 0, 0.25),
	('p_baitWorm01x', 'Worm Bait', 10, 1, 'item_standard', 1, 947, 1, '{}', 'A classic bait made from worms, ideal for catching a wide variety of fish species.', 0, 0.25),
	('p_barrelmoonshine', 'Barrel', 1, 1, 'item_standard', 1, 544, 1, '{}', 'A container, typically made of wood, used for storing and aging moonshine.', 0, 0.25),
	('p_crawdad01x', 'Crawfish Bait', 10, 1, 'item_standard', 1, 949, 1, '{}', 'A freshwater bait made from crawfish, used to catch larger predatory fish.', 0, 0.25),
	('p_FinisdFishlure01x', 'Fish Lure', 10, 1, 'item_standard', 1, 951, 1, '{}', 'A versatile fish lure designed to attract a variety of freshwater species.', 0, 0.25),
	('p_finisdfishlurelegendary01x', 'Legendary Fish Lure', 10, 1, 'item_standard', 1, 954, 1, '{}', 'A premium fish lure designed to catch elusive legendary fish.', 0, 0.25),
	('p_finishdcrawd01x', 'Crawfish Lure', 10, 1, 'item_standard', 1, 952, 1, '{}', 'A lure that mimics the movement of a crawfish, enticing larger predatory fish.', 0, 0.25),
	('p_finishdcrawdlegendary01x', 'Legendary Crawfish Lure', 10, 1, 'item_standard', 1, 955, 1, '{}', 'A specialized crawfish lure made for catching rare legendary fish.', 0, 0.25),
	('p_finishedragonfly01x', 'Dragonfly Lure', 10, 1, 'item_standard', 1, 950, 1, '{}', 'A realistic dragonfly lure designed to mimic flying insects, perfect for catching surface-feeding fish.', 0, 0.25),
	('p_finishedragonflylegendary01x', 'Legendary Dragonfly Lure', 10, 1, 'item_standard', 1, 953, 1, '{}', 'A high-quality dragonfly lure crafted to attract legendary fish in special locations.', 0, 0.25),
	('p_lgoc_spinner_v4', 'Spinner V4', 10, 1, 'item_standard', 1, 956, 1, '{}', 'A high-speed spinner lure, perfect for attracting aggressive, fast-moving fish.', 0, 0.25),
	('p_lgoc_spinner_v6', 'Spinner V6', 10, 1, 'item_standard', 1, 957, 1, '{}', 'An advanced spinner lure with enhanced spinning action, ideal for large, deep-water fish.', 0, 0.25),
	('quailb', 'Quail Beak', 20, 1, 'item_standard', 1, 545, 1, '{}', 'The beak of a quail bird, often used for crafts and decorative purposes.', 0, 0.25),
	('quailf', 'Quail Feather', 20, 1, 'item_standard', 1, 546, 1, '{}', 'A feather from a quail bird, known for its small size and distinctive patterns.', 0, 0.25),
	('quartz', 'Quartz', 20, 1, 'item_standard', 1, 547, 1, '{}', 'A hard mineral often used in jewelry and decorative items.', 0, 0.25),
	('rabbitpaw', 'Rabbitfoot', 20, 1, 'item_standard', 1, 548, 1, '{}', 'The foot of a rabbit, sometimes considered a good luck charm.', 0, 0.25),
	('rabbits', 'Rabbit Skin', 20, 1, 'item_standard', 1, 549, 1, '{}', 'The skin of a rabbit, commonly used in making fur garments and accessories.', 0, 0.25),
	('raccoons', 'Raccoon Skin', 20, 1, 'item_standard', 1, 550, 1, '{}', 'The skin of a raccoon, known for its distinctive ringed tail and soft fur.', 0, 0.25),
	('raccoont', 'Raccoon Tooth', 20, 1, 'item_standard', 1, 551, 1, '{}', 'A tooth from a raccoon, often used in crafts and jewelry.', 0, 0.25),
	('Rags', 'Rags', 10, 1, 'item_standard', 1, 1219, 1, '{}', '', 0, 0.25),
	('raisin', 'Raisin', 10, 1, 'item_standard', 1, 926, 1, '{}', 'A dried grape that makes good eating.', 0, 0.25),
	('rajahdysoljy', 'Explosive Oil', 30, 1, 'item_standard', 1, 552, 1, '{}', 'An explosive oil used for various purposes, such as creating dynamite and explosives.', 0, 0.25),
	('ramhorn', 'Ram Horn', 20, 1, 'item_standard', 1, 553, 1, '{}', 'The horn of a ram, a male sheep, often used in crafting and decoration.', 0, 0.25),
	('rams', 'Ram Pelt', 20, 1, 'item_standard', 1, 554, 1, '{}', 'The fur and skin of a ram, known for its warmth and durability.', 0, 0.25),
	('Rams_Head', 'Rams Head', 10, 1, 'item_standard', 1, 555, 1, '{}', 'The preserved head of a ram, often used as a hunting trophy or decorative item.', 0, 0.25),
	('Rams_Head_Seed', 'Rams Head Seed', 10, 1, 'item_standard', 1, 556, 1, '{}', 'A seed that can be planted to grow plants resembling a rams head.', 0, 0.25),
	('raspberryale', 'Raspberry Ale', 10, 1, 'item_standard', 1, 557, 1, '{}', 'A type of ale infused with the flavor of raspberries.', 0, 0.25),
	('rat_c', 'Rat', 20, 1, 'item_standard', 1, 558, 1, '{}', 'A small rodent known for its agility and ability to adapt to various environments.', 0, 0.25),
	('ravenc', 'Raven Claws', 20, 1, 'item_standard', 1, 559, 1, '{}', 'The claws of a raven bird, often used for crafts and jewelry.', 0, 0.25),
	('ravenf', 'Raven Feather', 20, 1, 'item_standard', 1, 560, 1, '{}', 'A feather from a raven bird, known for its glossy black color and sleek appearance.', 0, 0.25),
	('raw_bacon', 'Raw Bacon', 10, 1, 'item_standard', 1, 927, 1, '{}', 'Raw uncooked bacon.', 0, 0.25),
	('rectable', 'Rectangle Table', 20, 1, 'item_standard', 1, 561, 1, '{}', 'A rectangular-shaped table, suitable for various purposes such as dining or work.', 0, 0.25),
	('rectangle_table', 'Rectangle Table', 20, 1, 'item_standard', 1, 562, 1, '{}', 'A table with a rectangular shape, often used for dining or as a work surface.', 0, 0.25),
	('Red_Raspberry', 'Red Raspberry', 10, 1, 'item_standard', 1, 563, 1, '{}', 'A type of raspberry with a red color, commonly used in desserts and preserves.', 0, 0.25),
	('Red_Raspberry_Seed', 'Red Raspberry Seed', 10, 1, 'item_standard', 1, 564, 1, '{}', 'A seed that can be planted to grow red raspberry plants.', 0, 0.25),
	('Red_Sage', 'Red Sage', 10, 1, 'item_standard', 1, 565, 1, '{}', 'A type of sage plant with red-colored flowers, often used in herbal remedies and smudging ceremonies.', 0, 0.25),
	('Red_Sage_Seed', 'Red Sage Seed', 10, 1, 'item_standard', 1, 566, 1, '{}', 'A seed that can be planted to grow red sage plants.', 0, 0.25),
	('repeaterbarrel', 'Repeater Barrel', 5, 1, 'item_standard', 1, 567, 1, '{}', 'A replacement barrel for a repeater firearm, used for improving accuracy and performance.', 0, 0.25),
	('repeatermold', 'Repeater Mold', 5, 1, 'item_standard', 1, 568, 1, '{}', 'A mold used for casting the components of a repeater firearm.', 0, 0.25),
	('repeaterreceiver', 'Repeater Receiver', 5, 1, 'item_standard', 1, 569, 1, '{}', 'A replacement receiver for a repeater firearm, which houses the firing mechanism.', 0, 0.25),
	('repeaterrecmold', 'Repeater Receiver Mold', 5, 1, 'item_standard', 1, 570, 1, '{}', 'A mold used for casting the receiver of a repeater firearm.', 0, 0.25),
	('repeaterstock', 'Repeater Stock', 5, 1, 'item_standard', 1, 571, 1, '{}', 'A replacement stock for a repeater firearm, providing stability and control.', 0, 0.25),
	('revolverbarrel', 'Revolver Barrel', 5, 1, 'item_standard', 1, 572, 1, '{}', 'A replacement barrel for a revolver firearm, used for improving accuracy and performance.', 0, 0.25),
	('revolvercylinder', 'Revolver Cylinder', 5, 1, 'item_standard', 1, 573, 1, '{}', 'A replacement cylinder for a revolver firearm, which holds the ammunition.', 0, 0.25),
	('revolverhandle', 'Revolver Handle', 5, 1, 'item_standard', 1, 574, 1, '{}', 'A replacement handle for a revolver firearm, providing grip and control.', 0, 0.25),
	('revolvermold', 'Revolver Mold', 5, 1, 'item_standard', 1, 575, 1, '{}', 'A mold used for casting the components of a revolver firearm.', 0, 0.25),
	('riflebarrel', 'Rifle Barrel', 5, 1, 'item_standard', 1, 576, 1, '{}', 'A replacement barrel for a rifle firearm, used for improving accuracy and performance.', 0, 0.25),
	('riflemold', 'Rifle Mold', 5, 1, 'item_standard', 1, 577, 1, '{}', 'A mold used for casting the components of a rifle firearm.', 0, 0.25),
	('riflereceiver', 'Rifle Receiver', 5, 1, 'item_standard', 1, 578, 1, '{}', 'A replacement receiver for a rifle firearm, which houses the firing mechanism.', 0, 0.25),
	('riflerecmold', 'Rifle Receiver Mold', 5, 1, 'item_standard', 1, 579, 1, '{}', 'A mold used for casting the receiver of a rifle firearm.', 0, 0.25),
	('riflestock', 'Rifle Stock', 5, 1, 'item_standard', 1, 580, 1, '{}', 'A replacement stock for a rifle firearm, providing stability and control.', 0, 0.25),
	('roach', 'Roach', 10, 1, 'item_standard', 0, 581, 1, '{}', 'A small insect commonly found in households and other environments.', 0, 0.25),
	('robberyplanning', 'Robbery Planning Set', 20, 1, 'item_standard', 1, 582, 1, '{}', 'A set of tools and materials used for planning a robbery or heist.', 0, 0.25),
	('robin_c', 'Robin', 20, 1, 'item_standard', 1, 583, 1, '{}', 'A small songbird known for its red breast and melodious voice.', 0, 0.25),
	('rock', 'Rock', 30, 1, 'item_standard', 0, 584, 1, '{}', 'A solid mineral material that forms the Earths crust, commonly found in various shapes and sizes.', 0, 0.25),
	('rollingpaper', 'Rolling paper', 30, 1, 'item_standard', 1, 585, 1, '{}', 'A thin, lightweight paper used for rolling cigarettes or other smoking materials.', 0, 0.25),
	('roundtable', 'Round Table', 20, 1, 'item_standard', 1, 586, 1, '{}', 'A circular table with a flat top surface, often used for dining or discussions.', 0, 0.25),
	('round_table', 'Round Table', 20, 1, 'item_standard', 1, 587, 1, '{}', 'A table with a round top surface, typically used for dining or meetings.', 0, 0.25),
	('rspoonb', 'Roseta Spoonbill beak', 20, 1, 'item_standard', 1, 588, 1, '{}', 'The long, slender beak of a Roseta Spoonbill bird, known for its distinctive shape and color.', 0, 0.25),
	('rspoonf', 'Roseta Spoonbill feather', 20, 1, 'item_standard', 1, 589, 1, '{}', 'A feather from a Roseta Spoonbill bird, often used in crafts and decorative items.', 0, 0.25),
	('rubber', 'Rubber', 20, 1, 'item_standard', 0, 590, 1, '{}', 'A flexible, elastic material derived from the sap of certain plants or synthesized chemically.', 0, 0.25),
	('rubbertube', 'Rubber Tube', 5, 1, 'item_standard', 0, 591, 1, '{}', 'A cylindrical tube made of rubber, commonly used for various applications such as plumbing or medical procedures.', 0, 0.25),
	('salamelle', 'Fresh Pork ', 20, 1, 'item_standard', 1, 592, 1, '{}', 'Fresh pork salamelle', 0, 0.25),
	('salmon', 'Salmon', 10, 1, 'item_standard', 0, 593, 1, '{}', 'Fresh salmon', 0, 0.25),
	('salt', 'Salt', 20, 1, 'item_standard', 1, 594, 1, '{}', 'Common salt', 0, 0.25),
	('Saltbush', 'Saltbush', 10, 1, 'item_standard', 1, 595, 1, '{}', 'Saltbush plant', 0, 0.25),
	('Saltbush_Seed', 'Saltbush Seed', 10, 1, 'item_standard', 1, 596, 1, '{}', 'Seed of Saltbush plant', 0, 0.25),
	('sandbag', 'Sandbag', 10, 1, 'item_standard', 1, 928, 1, '{}', 'A bag of sand. often used in construction.', 0, 0.25),
	('sandpaper', 'Sandpaper', 10, 1, 'item_standard', 1, 929, 1, '{}', 'A sheet of sandpaper used for smoothing wood.', 0, 0.25),
	('sap', 'Sap', 20, 1, 'item_standard', 0, 597, 1, '{}', 'Sticky sap', 0, 0.25),
	('sarsaparilla', 'Sarsaparilla', 10, 1, 'item_standard', 1, 598, 1, '{}', 'Medicinal sarsaparilla', 0, 0.25),
	('scale', 'Scale', 5, 1, 'item_standard', 1, 599, 1, '{}', 'Measuring scale', 0, 0.25),
	('scentg', 'Scent glad', 20, 1, 'item_standard', 1, 600, 1, '{}', 'Scented glad', 0, 0.25),
	('seagullb', 'Seagull beak', 20, 1, 'item_standard', 1, 601, 1, '{}', 'Beak of a seagull', 0, 0.25),
	('seagullf', 'Seagull feather', 20, 1, 'item_standard', 1, 602, 1, '{}', 'Feather from a seagull', 0, 0.25),
	('secondchance', 'Second Chance', 10, 1, 'item_standard', 1, 603, 1, '{}', 'Opportunity for a second chance', 0, 0.25),
	('sheephead', 'Sheep head', 20, 1, 'item_standard', 1, 604, 1, '{}', 'Head of a sheep', 0, 0.25),
	('shellcasing', 'Shell Casing', 40, 1, 'item_standard', 1, 605, 1, '{}', 'Empty shell casing', 0, 0.25),
	('shootingtarget', 'Shooting Target', 20, 1, 'item_standard', 1, 606, 1, '{}', 'Target for shooting practice', 0, 0.25),
	('shotgunbarrel', 'Shotgun Barrel', 5, 1, 'item_standard', 1, 607, 1, '{}', 'Barrel for a shotgun', 0, 0.25),
	('shotgunmold', 'Shotgun Mold', 5, 1, 'item_standard', 1, 608, 1, '{}', 'Mold for a shotgun', 0, 0.25),
	('shotgunstock', 'Shotgun Stock', 5, 1, 'item_standard', 1, 609, 1, '{}', 'Stock for a shotgun', 0, 0.25),
	('shovel', 'Shovel', 1, 1, 'item_standard', 1, 1556, 1, '{}', 'nice item', 0, 1.00),
	('shrimps', 'Shrimp Stew', 1, 1, 'item_standard', 1, 610, 1, '{}', 'Delicious shrimp stew', 0, 0.25),
	('sidetable', 'side table 1', 20, 1, 'item_standard', 1, 611, 1, '{}', 'Functional side table', 0, 0.25),
	('sidetablea', 'side table 2', 20, 1, 'item_standard', 1, 612, 1, '{}', 'Stylish side table', 0, 0.25),
	('sidetableb', 'side table 3', 20, 1, 'item_standard', 1, 613, 1, '{}', 'A beautiful side table', 0, 0.25),
	('side_table', 'side table 1', 20, 1, 'item_standard', 1, 614, 1, '{}', 'A stylish side table', 0, 0.25),
	('side_tablea', 'side table 2', 20, 1, 'item_standard', 1, 615, 1, '{}', 'An elegant side table', 0, 0.25),
	('side_tableb', 'side table 3', 20, 1, 'item_standard', 1, 616, 1, '{}', 'A modern side table', 0, 0.25),
	('singlebed', 'single bed', 20, 1, 'item_standard', 1, 617, 1, '{}', 'A comfortable single bed', 0, 0.25),
	('skullpost', 'Skull Post', 20, 1, 'item_standard', 1, 618, 1, '{}', 'A decorative skull post', 0, 0.25),
	('smallchest', 'Small Chest', 1, 1, 'item_standard', 1, 619, 1, '{}', 'A small storage chest', 0, 0.25),
	('smallmcandle', 'Small Melted Candle', 20, 1, 'item_standard', 1, 620, 1, '{}', 'A small melted candle', 0, 0.25),
	('Small_Leather', 'Small Leather', 10, 1, 'item_standard', 1, 621, 1, '{}', 'A small piece of leather', 0, 0.25),
	('SmellingSalts', 'Smelling Salts', 5, 1, 'item_standard', 1, 1221, 1, '{}', '', 0, 0.25),
	('SnakeSkin', 'Snake Skin', 20, 1, 'item_standard', 1, 622, 1, '{}', 'A snake skin', 0, 0.25),
	('snaket', 'Snake tooth', 20, 1, 'item_standard', 1, 623, 1, '{}', 'A tooth from a snake', 0, 0.25),
	('Snake_Poison', 'Snake Poison', 10, 1, 'item_standard', 1, 624, 1, '{}', 'Poison extracted from a snake', 0, 0.25),
	('soborno', 'Soborno Alcohol', 15, 1, 'item_standard', 0, 625, 1, '{}', 'A bottle of Soborno alcohol', 0, 0.25),
	('songbird2_c', 'Scarlet songbird', 20, 1, 'item_standard', 1, 626, 1, '{}', 'A beautiful scarlet songbird', 0, 0.25),
	('songbird_c', 'Songbird', 20, 1, 'item_standard', 1, 627, 1, '{}', 'A lovely songbird', 0, 0.25),
	('sparrow0_c', 'Common Sparrow', 20, 1, 'item_standard', 1, 628, 1, '{}', 'A common sparrow', 0, 0.25),
	('sparrow1_c', 'Sparrow', 20, 1, 'item_standard', 1, 629, 1, '{}', 'A sparrow', 0, 0.25),
	('sparrow2_c', 'Golden Sparrow', 20, 1, 'item_standard', 1, 630, 1, '{}', 'A golden sparrow', 0, 0.25),
	('spool', 'Spool', 10, 1, 'item_standard', 1, 930, 1, '{}', 'A empty spool. often used to wrap wire around.', 0, 0.25),
	('squirrel_black_c', 'Black Squirrel', 20, 1, 'item_standard', 1, 631, 1, '{}', 'A black squirrel', 0, 0.25),
	('squirrel_grey_c', 'Gray Squirrel', 20, 1, 'item_standard', 1, 632, 1, '{}', 'A gray squirrel', 0, 0.25),
	('squirrel_red_c', 'Red Squirrel', 20, 1, 'item_standard', 1, 633, 1, '{}', 'A Red squirrel', 0, 0.25),
	('standard_table', 'Table', 20, 1, 'item_standard', 1, 634, 1, '{}', 'A standard table for various uses.', 0, 0.25),
	('standingtorch', 'Standing Torch', 20, 1, 'item_standard', 1, 635, 1, '{}', 'A standing torch to provide light.', 0, 0.25),
	('steak', 'Steak', 10, 1, 'item_standard', 1, 636, 1, '{}', 'A delicious steak for a hearty meal.', 0, 0.25),
	('steakveg', 'Steak with Veggies', 10, 1, 'item_standard', 1, 637, 1, '{}', 'A balanced meal with steak and vegetables.', 0, 0.25),
	('stillkit', 'Still Kit', 5, 1, 'item_standard', 1, 638, 1, '{}', 'A kit for setting up a still to make distilled spirits.', 0, 0.25),
	('stim', 'Horse Stimulant', 2, 1, 'item_standard', 1, 639, 1, '{}', 'A stimulant to boost a horses performance.', 0, 0.25),
	('stolenmerch', 'Stolen Items', 10, 1, 'item_standard', 0, 640, 1, '{}', 'Various stolen items of questionable origin.', 0, 0.25),
	('stonehammer', 'Stone Hammer', 5, 1, 'item_standard', 1, 641, 1, '{}', 'A durable hammer made of stone.', 0, 0.25),
	('string', 'String', 10, 1, 'item_standard', 1, 931, 1, '{}', 'A bundle of string with many uses.', 0, 0.25),
	('stringy', 'Stringy Meat', 20, 1, 'item_standard', 1, 642, 1, '{}', 'Tough and chewy meat that requires thorough cooking.', 0, 0.25),
	('sugar', 'Sugar', 20, 1, 'item_standard', 0, 643, 1, '{}', 'A sweet and granulated substance used for sweetening.', 0, 0.25),
	('sugarcaneseed', 'Sugarcane Seed', 10, 1, 'item_standard', 1, 644, 1, '{}', 'Seeds for growing sugarcane.', 0, 0.25),
	('sugarcube', 'Sugar Cube', 10, 1, 'item_standard', 1, 645, 1, '{}', 'A compact form of sugar for easy use.', 0, 0.25),
	('sulfur', 'Sulfur', 30, 1, 'item_standard', 0, 646, 1, '{}', 'A yellow chemical element often used in manufacturing.', 0, 0.25),
	('syn', 'Syn', 50, 1, 'item_standard', 1, 647, 1, '{}', 'A synthetic substance used for various purposes.', 0, 0.25),
	('synpackage', 'Syn Package', 10, 1, 'item_standard', 1, 648, 1, '{}', 'A package containing synthetic substances.', 0, 0.25),
	('syringe', 'Syringe', 20, 1, 'item_standard', 1, 649, 1, '{}', 'A medical instrument used for injecting fluids.', 0, 0.25),
	('syringecert', 'Syringe Cert', 10, 1, 'item_standard', 1, 651, 1, '{}', 'A certification for the proper use of syringes.', 0, 0.25),
	('syringe_2', 'Syringe', 20, 1, 'item_standard', 1, 650, 1, '{}', 'A medical instrument used for injecting fluids.', 0, 0.25),
	('teabag', 'Teabag', 10, 1, 'item_standard', 1, 932, 1, '{}', 'A teabag for making that perfect cup.', 0, 0.25),
	('tealeaf', 'Tealeaf', 10, 1, 'item_standard', 1, 933, 1, '{}', 'Used to make tea or teabags.', 0, 0.25),
	('tent', 'Tent', 1, 1, 'item_standard', 1, 652, 1, '{}', 'A portable shelter for camping or temporary use.', 0, 0.25),
	('tent2', 'Trader Tent', 20, 1, 'item_standard', 1, 653, 1, '{}', 'A tent specifically designed for trading purposes.', 0, 0.25),
	('tent3', 'Simple Tent', 20, 1, 'item_standard', 1, 654, 1, '{}', 'A basic tent for camping.', 0, 0.25),
	('tent4', 'Canvas Shade', 20, 1, 'item_standard', 1, 655, 1, '{}', 'A canvas shade for shelter.', 0, 0.25),
	('tequila', 'Tequila', 10, 1, 'item_standard', 1, 656, 1, '{}', 'A bottle of tequila.', 0, 0.25),
	('Texas_Bonnet', 'Texas Bonnet', 10, 1, 'item_standard', 1, 657, 1, '{}', 'A traditional Texas bonnet.', 0, 0.25),
	('Texas_Bonnet_Seed', 'Texas Bonnet Seed', 10, 1, 'item_standard', 1, 658, 1, '{}', 'Seeds to grow Texas Bonnet flowers.', 0, 0.25),
	('timber', 'Timber', 10, 1, 'item_standard', 1, 934, 1, '{}', 'A sturdy chunck of timber.', 0, 0.25),
	('timbertable', 'Timber Table', 20, 1, 'item_standard', 1, 659, 1, '{}', 'A sturdy table made of timber.', 0, 0.25),
	('timber_table', 'Timber Table', 20, 1, 'item_standard', 1, 660, 1, '{}', 'A table made of timber.', 0, 0.25),
	('tipi', 'Native Tipi', 20, 1, 'item_standard', 1, 661, 1, '{}', 'A traditional Native American tipi.', 0, 0.25),
	('toaddesert_c', 'Desert Toad', 20, 1, 'item_standard', 1, 662, 1, '{}', 'A toad found in the desert.', 0, 0.25),
	('toadpoison_c', 'Poisoned Toad', 20, 1, 'item_standard', 1, 663, 1, '{}', 'A toad that carries poison.', 0, 0.25),
	('toad_c', 'Toad', 20, 1, 'item_standard', 1, 664, 1, '{}', 'A common toad.', 0, 0.25),
	('token', 'Camp License', 5, 1, 'item_standard', 1, 665, 1, '{}', 'A license for setting up a camp.', 0, 0.25),
	('toolbarrel', 'Tool Barrel', 20, 1, 'item_standard', 1, 666, 1, '{}', 'A barrel for storing tools.', 0, 0.25),
	('tool_barrel', 'Tool Barrel', 20, 1, 'item_standard', 1, 667, 1, '{}', 'A barrel used for storing tools.', 0, 0.25),
	('trainkey', 'Train Key', 1, 1, 'item_standard', 1, 668, 1, '{}', 'A key to unlock a train.', 0, 0.25),
	('trayoffood', 'Serving Table', 20, 1, 'item_standard', 1, 669, 1, '{}', 'A table used for serving food.', 0, 0.25),
	('tropicalPunchMash', 'Ginseng Mash', 10, 1, 'item_standard', 0, 670, 1, '{}', 'A mash made from ginseng.', 0, 0.25),
	('tropicalPunchMoonshine', 'Ginseng Moonshine', 10, 1, 'item_standard', 1, 671, 1, '{}', 'Moonshine infused with ginseng.', 0, 0.25),
	('trout', 'Trout', 10, 1, 'item_standard', 0, 672, 1, '{}', 'A fish of the trout family.', 0, 0.25),
	('turkeyb', 'Turkey beak', 20, 1, 'item_standard', 1, 673, 1, '{}', 'The beak of a turkey.', 0, 0.25),
	('turkeyf', 'Turkey feather', 20, 1, 'item_standard', 1, 674, 1, '{}', 'A feather from a turkey.', 0, 0.25),
	('TurtleShell', 'Turtle Shell', 20, 1, 'item_standard', 1, 675, 1, '{}', 'The shell of a turtle.', 0, 0.25),
	('turtlet', 'Turtle tooth', 20, 1, 'item_standard', 1, 676, 1, '{}', 'A tooth extracted from a turtle.', 0, 0.25),
	('tylenol', 'Tylenol', 10, 1, 'item_standard', 1, 677, 1, '{}', 'A medication called Tylenol.', 0, 0.25),
	('undertaker1', 'Coffin', 20, 1, 'item_standard', 1, 678, 1, '{}', 'A wooden coffin.', 0, 0.25),
	('undertaker2', 'Flower Coffin', 20, 1, 'item_standard', 1, 679, 1, '{}', 'A coffin decorated with flowers.', 0, 0.25),
	('unique_brad_horsesugar', 'Brad Horse Sugar', 5, 1, 'item_standard', 1, 680, 1, '{}', 'Sugar used for horses owned by Brad.', 0, 0.25),
	('unique_horse_feed', 'Horse Feed', 5, 1, 'item_standard', 1, 681, 1, '{}', 'Feed for horses.', 0, 0.25),
	('vanillacake', 'Vanilla Cake', 10, 1, 'item_standard', 1, 935, 1, '{}', 'A tasty vanilla flavored cake.', 0, 0.25),
	('vanillaFlower', 'Vanille Flower', 20, 1, 'item_standard', 0, 682, 1, '{}', 'A flower known as Vanille.', 0, 0.25),
	('varnish', 'Varnish', 10, 1, 'item_standard', 1, 936, 1, '{}', 'A typical wood finish made from oils and resins.', 0, 0.25),
	('venison', 'Venison', 20, 1, 'item_standard', 1, 683, 1, '{}', 'Lean meat obtained from deer.', 0, 0.25),
	('Violet_Snowdrop', 'Violet Snowdrop', 10, 1, 'item_standard', 1, 684, 1, '{}', 'A delicate flower called Violet Snowdrop.', 0, 0.25),
	('Violet_Snowdrop_Seed', 'Violet Snowdrop Seed', 10, 1, 'item_standard', 1, 685, 1, '{}', 'Seeds to grow Violet Snowdrop flowers.', 0, 0.25),
	('vodka', 'Vodka', 10, 1, 'item_standard', 1, 686, 1, '{}', 'A strong alcoholic beverage known as Vodka.', 0, 0.25),
	('Volture_Egg', 'Volture Egg', 10, 1, 'item_standard', 1, 687, 1, '{}', 'An egg laid by a Volture bird.', 0, 0.25),
	('vulturetaxi', 'Vulture Taxidermy', 20, 1, 'item_standard', 1, 688, 1, '{}', 'A taxidermy of a vulture bird.', 0, 0.25),
	('vulture_taxidermy', 'Vulture Taxidermy', 20, 1, 'item_standard', 1, 689, 1, '{}', 'A preserved vulture bird for display.', 0, 0.25),
	('washtub', 'Wash Tub', 20, 1, 'item_standard', 1, 690, 1, '{}', 'A tub used for washing clothes or other items.', 0, 0.25),
	('water', 'Water', 15, 1, 'item_standard', 1, 691, 1, '{}', 'Clean drinking water.', 0, 0.25),
	('waterbarrel', 'Water Barrel', 20, 1, 'item_standard', 1, 692, 1, '{}', 'A large barrel used for storing water.', 0, 0.25),
	('wateringcan', 'Water Jug', 10, 1, 'item_standard', 1, 693, 1, '{}', 'A bucket of clean water.', 0, 0.25),
	('wateringcan_dirtywater', 'Dirty Water Jug', 10, 1, 'item_standard', 1, 694, 1, '{}', 'A bucket filled with dirty water.', 0, 0.25),
	('wateringcan_empty', 'Empty Watering Jug', 10, 1, 'item_standard', 1, 695, 1, '{}', 'An empty water bucket.', 0, 0.25),
	('waterpump', 'Water Pump', 20, 1, 'item_standard', 1, 696, 1, '{}', 'A device used for pumping water.', 0, 0.25),
	('water_pump', 'Water Pump', 20, 1, 'item_standard', 1, 697, 1, '{}', 'A pump designed to move water.', 0, 0.25),
	('weapons_craftbook', 'Weapons Craftbook', 1, 1, 'item_standard', 1, 1647, 1, '{}', 'Used to open the weapons crafting menu.', 0, 0.25),
	('wedding_chain_ring', 'Wedding Ring on chain', 10, 1, 'item_standard', 1, 937, 1, '{}', 'A wedding ring on chain. usally worn this way so they dont get lost.', 0, 0.25),
	('wedding_ring', 'Wedding Ring', 10, 1, 'item_standard', 1, 938, 1, '{}', 'A beautiful wedding ring.', 0, 0.25),
	('wheat', 'Wheat', 10, 1, 'item_standard', 1, 939, 1, '{}', 'Often ground up into flour to used in cooking and baking', 0, 0.25),
	('wheatseed', 'Wheat Seed', 10, 1, 'item_standard', 1, 940, 1, '{}', 'When planted will grow into wheat.', 0, 0.25),
	('whisky', 'Whisky', 10, 1, 'item_standard', 1, 698, 1, '{}', 'An alcoholic beverage known as whisky.', 0, 0.25),
	('wicker', 'Wicker', 10, 1, 'item_standard', 1, 941, 1, '{}', 'A natural material made from woven branches or reeds', 0, 0.25),
	('wickerbench', 'Wicker Bench', 20, 1, 'item_standard', 1, 699, 1, '{}', 'A bench made from wicker material.', 0, 0.25),
	('wicker_bench', 'Wicker Bench', 20, 1, 'item_standard', 1, 700, 1, '{}', 'A bench constructed with wicker material.', 0, 0.25),
	('wildCiderMash', 'Black Berry Mash', 10, 1, 'item_standard', 0, 701, 1, '{}', 'Mashed blackberries used for making cider.', 0, 0.25),
	('wildCiderMoonshine', 'Black Berry Moonshine', 10, 1, 'item_standard', 1, 702, 1, '{}', 'Homemade moonshine crafted from blackberries.', 0, 0.25),
	('Wild_Carrot', 'Wild Carrot', 10, 1, 'item_standard', 1, 703, 1, '{}', 'A type of carrot that grows in the wild.', 0, 0.25),
	('Wild_Carrot_Seed', 'Wild Carrot Seed', 10, 1, 'item_standard', 1, 704, 1, '{}', 'Seeds to cultivate wild carrots.', 0, 0.25),
	('Wild_Feverfew', 'Wild Feverfew', 10, 1, 'item_standard', 1, 705, 1, '{}', 'A wild plant known as Feverfew.', 0, 0.25),
	('Wild_Feverfew_Seed', 'Wild Feverfew Seed', 10, 1, 'item_standard', 1, 706, 1, '{}', 'Seeds to grow Feverfew plants.', 0, 0.25),
	('Wild_Mint', 'Wild Mint', 10, 1, 'item_standard', 1, 707, 1, '{}', 'A type of mint that grows in the wild.', 0, 0.25),
	('Wild_Mint_Seed', 'Wild Mint Seed', 10, 1, 'item_standard', 1, 708, 1, '{}', 'Seeds to cultivate wild mint.', 0, 0.25),
	('Wild_Rhubarb', 'Wild Rhubarb', 10, 1, 'item_standard', 1, 709, 1, '{}', 'A rhubarb plant that grows in the wild.', 0, 0.25),
	('Wild_Rhubarb_Seed', 'Wild Rhubarb Seed', 10, 1, 'item_standard', 1, 710, 1, '{}', 'Seeds to grow wild rhubarb.', 0, 0.25),
	('wine', 'Wine', 10, 1, 'item_standard', 1, 711, 1, '{}', 'An alcoholic beverage made from fermented grapes.', 0, 0.25),
	('Wintergreen_Berry', 'Wintergreen Berry', 10, 1, 'item_standard', 1, 712, 1, '{}', 'Berries from the wintergreen plant.', 0, 0.25),
	('Wintergreen_Berry_Seed', 'Wintergreen Berry Seed', 10, 1, 'item_standard', 1, 713, 1, '{}', 'Seeds to cultivate wintergreen berries.', 0, 0.25),
	('Wisteria', 'Wisteria', 10, 1, 'item_standard', 1, 714, 1, '{}', 'A flowering plant called Wisteria.', 0, 0.25),
	('Wisteria_Seed', 'Wisteria Seed', 10, 1, 'item_standard', 1, 715, 1, '{}', 'Seeds to grow Wisteria plants.', 0, 0.25),
	('wojape', 'Wojape', 5, 1, 'item_standard', 1, 716, 1, '{}', 'A traditional Native American sauce made from berries.', 0, 0.25),
	('wolfheart', 'Wolf heart', 20, 1, 'item_standard', 1, 717, 1, '{}', 'The heart of a wolf.', 0, 0.25),
	('wolfpelt', 'Wolf skin', 20, 1, 'item_standard', 1, 718, 1, '{}', 'The skin of a wolf.', 0, 0.25),
	('wolftooth', 'Wolf tooth', 20, 1, 'item_standard', 1, 719, 1, '{}', 'A tooth extracted from a wolf.', 0, 0.25),
	('wood', 'Soft Wood', 20, 1, 'item_standard', 0, 720, 1, '{}', 'A type of wood that is soft and easy to work with.', 0, 0.25),
	('woodbench', 'Wooden Bench', 20, 1, 'item_standard', 1, 721, 1, '{}', 'A bench made from wood material.', 0, 0.25),
	('woodchair', 'Wood Chair', 20, 1, 'item_standard', 1, 722, 1, '{}', 'A chair made from wood material.', 0, 0.25),
	('wooden_bench', 'Wooden Bench', 20, 1, 'item_standard', 1, 723, 1, '{}', 'A bench constructed with wooden material.', 0, 0.25),
	('wooden_boards', 'Wooden Boards', 25, 1, 'item_standard', 0, 724, 1, '{}', 'Boards made from wood material.', 0, 0.25),
	('woodpeck01_c', 'Woodpecker', 20, 1, 'item_standard', 1, 725, 1, '{}', 'The skin and feathers of a woodpecker.', 0, 0.25),
	('woodpeck02_c', 'Woodpecker 2', 20, 1, 'item_standard', 1, 726, 1, '{}', 'The skin and feathers of a woodpecker.', 0, 0.25),
	('woodsaw', 'Woodsaw', 10, 1, 'item_standard', 1, 942, 1, '{}', 'Used to cut wood.', 0, 0.25),
	('wood_chair', 'Wood Chair', 20, 1, 'item_standard', 1, 727, 1, '{}', 'A chair made from wood material.', 0, 0.25),
	('wood_plane', 'Wood Plane', 10, 1, 'item_standard', 1, 943, 1, '{}', 'A wood plane used for shaping wood.', 0, 0.25),
	('wool', 'Wool', 50, 1, 'item_standard', 1, 728, 1, '{}', 'Fiber obtained from the fleece of sheep.', 0, 0.25),
	('wrench', 'Wrench', 10, 1, 'item_standard', 1, 944, 1, '{}', 'A wrech used to tighten bolts and other things.', 0, 0.25),
	('wsnakes', 'Western rattlesnake pelt', 20, 1, 'item_standard', 1, 729, 1, '{}', 'The skin of a western rattlesnake.', 0, 0.25),
	('wsnakeskin', 'Watersnake pelt', 20, 1, 'item_standard', 1, 730, 1, '{}', 'The skin of a watersnake.', 0, 0.25),
	('Yarrow', 'Yarrow', 10, 1, 'item_standard', 1, 731, 1, '{}', 'A flowering plant known as Yarrow.', 0, 0.25),
	('Yarrow_Seed', 'Yarrow Seed', 10, 1, 'item_standard', 1, 732, 1, '{}', 'Seeds to grow Yarrow plants.', 0, 0.25);

-- A despejar estrutura para tabela vorpcore_6eba9b.items_crafted
CREATE TABLE IF NOT EXISTS `items_crafted` (
  `id` int(11) NOT NULL AUTO_INCREMENT,
  `character_id` int(11) NOT NULL,
  `item_id` int(11) NOT NULL,
  `item_name` varchar(50) DEFAULT 'item',
  `updated_at` timestamp NOT NULL DEFAULT current_timestamp(),
  `metadata` longtext CHARACTER SET utf8mb4 COLLATE utf8mb4_bin NOT NULL CHECK (json_valid(`metadata`)),
  PRIMARY KEY (`id`),
  UNIQUE KEY `ID` (`id`),
  KEY `crafted_item_idx` (`character_id`)
) ENGINE=InnoDB AUTO_INCREMENT=353 DEFAULT CHARSET=utf8mb4 COLLATE=utf8mb4_general_ci;

-- A despejar dados para tabela vorpcore_6eba9b.items_crafted: ~75 rows (aproximadamente)
INSERT INTO `items_crafted` (`id`, `character_id`, `item_id`, `item_name`, `updated_at`, `metadata`) VALUES
	(37, 2, 739, 'cheesecake', '2025-07-09 21:52:27', '[]'),
	(39, 2, 43, 'ammorifleexpress', '2025-07-09 21:55:10', '[]'),
	(53, 1, 649, 'syringe', '2025-07-09 22:56:16', '[]'),
	(64, 3, 691, 'water', '2025-07-10 15:44:27', '[]'),
	(68, 2, 656, 'tequila', '2025-07-10 15:49:45', '[]'),
	(72, 3, 499, 'Oregano', '2025-07-10 15:58:28', '[]'),
	(73, 3, 969, 'hk_106', '2025-07-10 16:01:06', '[]'),
	(88, 3, 49, 'ammoshotgunnormal', '2025-07-10 17:25:14', '[]'),
	(89, 3, 43, 'ammorifleexpress', '2025-07-10 17:25:14', '[]'),
	(90, 3, 51, 'ammotomahawk', '2025-07-10 17:25:15', '[]'),
	(91, 3, 21, 'ammobolla', '2025-07-10 17:25:15', '[]'),
	(92, 3, 522, 'pickaxe', '2025-07-10 17:27:40', '[]'),
	(93, 3, 272, 'English_Mace', '2025-07-10 17:30:34', '[]'),
	(94, 3, 306, 'game', '2025-07-10 17:35:16', '[]'),
	(95, 3, 301, 'foxt', '2025-07-10 17:35:16', '[]'),
	(96, 3, 300, 'foxskin', '2025-07-10 17:35:16', '[]'),
	(97, 3, 467, 'meat', '2025-07-10 17:35:30', '[]'),
	(98, 3, 988, 'hk_125', '2025-07-10 17:36:06', '[]'),
	(99, 3, 253, 'Desert_Sage', '2025-07-10 17:41:39', '[]'),
	(105, 3, 774, 'consumable_lemoncake', '2025-07-10 17:59:16', '[]'),
	(128, 4, 35, 'ammorepeatersplitpoint', '2025-07-11 23:19:20', '[]'),
	(132, 4, 29, 'ammopistolsplitpoint', '2025-07-11 23:19:21', '[]'),
	(134, 4, 12, 'ammoarrownormal', '2025-07-11 23:19:21', '[]'),
	(135, 4, 52, 'ammovarmint', '2025-07-11 23:19:22', '[]'),
	(162, 4, 981, 'hk_118', '2025-07-12 13:11:58', '[]'),
	(164, 4, 2, 'Agarita', '2025-07-12 13:30:37', '[]'),
	(165, 4, 968, 'hk_105', '2025-07-12 13:38:23', '[]'),
	(167, 4, 238, 'Crows_Garlic', '2025-07-12 13:49:15', '[]'),
	(168, 4, 991, 'hk_128', '2025-07-12 13:51:47', '[]'),
	(172, 5, 88, 'Bandage', '2025-07-14 14:18:52', '[]'),
	(181, 5, 45, 'ammoriflesplitpoint', '2025-07-14 14:41:51', '[]'),
	(182, 5, 50, 'ammoshotgunslug', '2025-07-14 14:44:48', '[]'),
	(183, 5, 40, 'ammorevolversplitpoint', '2025-07-14 14:45:42', '[]'),
	(184, 4, 771, 'consumable_donut', '2025-07-14 14:45:52', '[]'),
	(185, 4, 195, 'consumable_fruitsalad', '2025-07-14 14:45:52', '[]'),
	(187, 4, 106, 'beer', '2025-07-14 14:46:17', '[]'),
	(188, 4, 557, 'raspberryale', '2025-07-14 14:46:17', '[]'),
	(227, 4, 443, 'lockpick', '2025-07-15 16:31:41', '[]'),
	(251, 4, 358, 'iron', '2025-07-15 16:35:51', '[]'),
	(252, 4, 40, 'ammorevolversplitpoint', '2025-07-15 16:46:43', '[]'),
	(253, 4, 50, 'ammoshotgunslug', '2025-07-15 16:46:43', '[]'),
	(254, 4, 45, 'ammoriflesplitpoint', '2025-07-15 16:46:43', '[]'),
	(257, 2, 104, 'beef', '2025-07-15 19:01:33', '[]'),
	(260, 4, 281, 'fertilizer', '2025-07-15 20:01:59', '[]'),
	(261, 4, 468, 'milk', '2025-07-15 20:11:13', '[]'),
	(262, 4, 255, 'diamond', '2025-07-15 20:31:26', '{"id":116,"description":"An enchanted item to activate flaming hooves</br>Durabilidade: 95%","durability":95}'),
	(266, 4, 1414, 'portable_canoe', '2025-07-15 20:50:29', '[]'),
	(273, 4, 272, 'English_Mace', '2025-07-15 21:22:23', '[]'),
	(274, 4, 139, 'buckantler', '2025-07-15 21:22:39', '[]'),
	(275, 4, 397, 'legbucks', '2025-07-15 21:22:39', '[]'),
	(276, 4, 398, 'legbucks1', '2025-07-15 21:22:39', '[]'),
	(277, 4, 416, 'legendbuckantler', '2025-07-15 21:22:39', '[]'),
	(278, 4, 683, 'venison', '2025-07-15 21:22:39', '[]'),
	(279, 4, 683, 'venison', '2025-07-15 21:22:39', '[]'),
	(310, 4, 529, 'pork', '2025-07-16 15:55:46', '[]'),
	(311, 4, 524, 'pigs', '2025-07-16 15:55:46', '[]'),
	(312, 4, 530, 'porkfat', '2025-07-16 15:55:46', '[]'),
	(319, 2, 1556, 'shovel', '2025-07-16 17:39:13', '[]'),
	(321, 2, 584, 'rock', '2025-07-16 17:40:50', '[]'),
	(322, 2, 1562, 'golden_ring', '2025-07-16 17:41:20', '[]'),
	(323, 2, 1563, 'golden_nugget', '2025-07-16 17:42:51', '[]'),
	(327, 1, 41, 'ammorevolvervelocity', '2025-07-18 16:38:57', '[]'),
	(329, 4, 44, 'ammoriflenormal', '2025-07-18 17:37:42', '[]'),
	(330, 5, 443, 'lockpick', '2025-07-18 17:39:31', '[]'),
	(338, 5, 261, 'dynamite', '2025-07-18 18:29:57', '[]'),
	(341, 5, 358, 'iron', '2025-07-18 18:59:04', '[]'),
	(342, 5, 181, 'coal', '2025-07-18 18:59:04', '[]'),
	(343, 2, 443, 'lockpick', '2025-07-18 20:03:05', '[]'),
	(344, 1, 36, 'ammorepeatervelocity', '2025-07-19 09:41:28', '[]'),
	(345, 1, 1563, 'golden_nugget', '2025-07-19 09:41:30', '[]'),
	(346, 1, 584, 'rock', '2025-07-19 09:41:32', '[]'),
	(347, 1, 443, 'lockpick', '2025-07-19 10:31:03', '[]'),
	(349, 1, 1556, 'shovel', '2025-07-19 10:50:46', '[]'),
	(351, 1, 358, 'iron', '2025-07-19 10:56:22', '[]'),
	(352, 1, 41, 'ammorevolvervelocity', '2025-07-19 10:58:37', '[]');

-- A despejar estrutura para tabela vorpcore_6eba9b.item_group
CREATE TABLE IF NOT EXISTS `item_group` (
  `id` int(10) unsigned NOT NULL AUTO_INCREMENT,
  `description` varchar(255) NOT NULL COMMENT 'Description of Item Group',
  PRIMARY KEY (`id`)
) ENGINE=InnoDB AUTO_INCREMENT=12 DEFAULT CHARSET=utf8 COLLATE=utf8_general_ci;

-- A despejar dados para tabela vorpcore_6eba9b.item_group: ~11 rows (aproximadamente)
INSERT INTO `item_group` (`id`, `description`) VALUES
	(1, 'default'),
	(2, 'medical'),
	(3, 'foods'),
	(4, 'tools'),
	(5, 'weapons'),
	(6, 'ammo'),
	(7, 'documents'),
	(8, 'animals'),
	(9, 'valuables'),
	(10, 'horse'),
	(11, 'herbs');

-- A despejar estrutura para tabela vorpcore_6eba9b.legendaries
CREATE TABLE IF NOT EXISTS `legendaries` (
  `identifier` varchar(50) NOT NULL,
  `charidentifier` int(11) NOT NULL,
  `trust` int(100) NOT NULL DEFAULT 0,
  UNIQUE KEY `charidentifier` (`charidentifier`)
) ENGINE=InnoDB DEFAULT CHARSET=utf8mb4 COLLATE=utf8mb4_general_ci;

-- A despejar dados para tabela vorpcore_6eba9b.legendaries: ~2 rows (aproximadamente)
INSERT INTO `legendaries` (`identifier`, `charidentifier`, `trust`) VALUES
	('steam:11000014b113bd0', 1, 1),
	('steam:11000010b4f2650', 4, 1);

-- A despejar estrutura para tabela vorpcore_6eba9b.loadout
CREATE TABLE IF NOT EXISTS `loadout` (
  `id` int(11) NOT NULL AUTO_INCREMENT,
  `identifier` varchar(50) CHARACTER SET utf8mb4 COLLATE utf8mb4_bin NOT NULL,
  `charidentifier` int(11) DEFAULT NULL,
  `name` varchar(50) DEFAULT NULL,
  `ammo` varchar(255) NOT NULL DEFAULT '{}',
  `components` varchar(255) NOT NULL DEFAULT '{}',
  `dirtlevel` double DEFAULT 0,
  `mudlevel` double DEFAULT 0,
  `conditionlevel` double DEFAULT 0,
  `rustlevel` double DEFAULT 0,
  `used` tinyint(4) DEFAULT 0,
  `used2` tinyint(4) DEFAULT 0,
  `dropped` int(11) NOT NULL DEFAULT 0,
  `comps` longtext NOT NULL DEFAULT '{}',
  `label` varchar(50) DEFAULT NULL,
  `curr_inv` varchar(100) NOT NULL DEFAULT 'default',
  `serial_number` varchar(50) DEFAULT NULL,
  `custom_label` varchar(50) DEFAULT NULL,
  `custom_desc` varchar(50) DEFAULT NULL,
  PRIMARY KEY (`id`),
  KEY `id` (`id`)
) ENGINE=InnoDB AUTO_INCREMENT=73 DEFAULT CHARSET=utf8mb4 COLLATE=utf8mb4_general_ci;

-- A despejar dados para tabela vorpcore_6eba9b.loadout: ~34 rows (aproximadamente)
INSERT INTO `loadout` (`id`, `identifier`, `charidentifier`, `name`, `ammo`, `components`, `dirtlevel`, `mudlevel`, `conditionlevel`, `rustlevel`, `used`, `used2`, `dropped`, `comps`, `label`, `curr_inv`, `serial_number`, `custom_label`, `custom_desc`) VALUES
	(24, 'steam:110000108c373d0', 2, 'WEAPON_SNIPERRIFLE_CARCANO', '[]', '[]', 0, 0, 0, 0, 1, 0, 0, '[{"label":"Gold","name":681399557,"comp":"barrel","model":0},{"label":"Gold","name":681399557,"comp":"barrel","model":0},{"label":"Gold","name":-1217972306,"comp":"trigger","model":0},{"label":"Gold","name":1906948138,"comp":"frame","model":0},{"label":"Gold","name":-897983242,"comp":"cylinder","model":0},{"label":"Gold","name":-1021999895,"comp":"scope","model":0},{"label":"Wolf Scene","name":-617954056,"comp":"grip","model":0},{"comp":"comp","label":"Improved Rifling","name":488786388,"type":"rifling","model":0},{"label":"Straight Grain","name":2099965087,"comp":"gripbody","model":1840924734},{"comp":"decal","label":"Baroque","name":-501379718,"type":"frame","model":0}]', 'Carcano Rifle', 'default', '1752095635-9447', 'Carcano Rifle', NULL),
	(27, 'steam:11000015516cc97', 3, 'WEAPON_MELEE_KNIFE', '[]', '[]', 0, 0, 0, 0, 1, 0, 0, '[]', 'Knife', 'default', '', 'Knife', NULL),
	(28, 'steam:11000015516cc97', 3, 'WEAPON_MELEE_LANTERN', '[]', '[]', 0, 0, 0, 0, 1, 0, 0, '[]', 'Lantern', 'default', '', 'Lantern', NULL),
	(30, 'steam:11000015516cc97', 3, 'WEAPON_REVOLVER_LEMAT', '[]', '[]', 0, 0, 0, 0, 1, 0, 0, '[]', 'Revolver Lemat', 'default', '1752168250-3398', 'Revolver Lemat', NULL),
	(32, 'steam:11000015516cc97', 3, 'WEAPON_LASSO_REINFORCED', '[]', '[]', 0, 0, 0, 0, 1, 0, 0, '[]', 'Reinforced Lasso', 'default', '', 'Reinforced Lasso', NULL),
	(33, 'steam:11000015516cc97', 3, 'WEAPON_SHOTGUN_PUMP', '[]', '[]', 0, 0, 0, 0, 1, 0, 0, '[]', 'Pump Shotgun', 'default', '1752168250-8607', 'Pump Shotgun', NULL),
	(34, 'steam:11000015516cc97', 3, 'WEAPON_SNIPERRIFLE_CARCANO', '[]', '[]', 0, 0, 0, 0, 1, 0, 0, '[]', 'Carcano Rifle', 'default', '1752168251-9245', 'Carcano Rifle', NULL),
	(39, 'steam:11000015516cc97', 3, 'WEAPON_THROWN_TOMAHAWK', '[]', '[]', 0, 0, 0, 0, 1, 0, 0, '[]', 'Tomahawk', 'default', '1752273282-2369', 'Tomahawk', NULL),
	(40, 'steam:11000015516cc97', 3, 'WEAPON_THROWN_BOLAS', '[]', '[]', 0, 0, 0, 0, 1, 0, 0, '[]', 'Bolas', 'default', '1752273282-7331', 'Bolas', NULL),
	(41, 'steam:11000010b4f2650', 4, 'WEAPON_MELEE_KNIFE', '[]', '[]', 0, 0, 0, 0, 1, 0, 0, '[]', 'Knife', 'default', '', 'Knife', NULL),
	(42, 'steam:11000010b4f2650', 4, 'WEAPON_REVOLVER_NAVY', '[]', '[]', 0, 0, 0, 0, 0, 1, 0, '[]', 'Revolver Navy', 'default', '1752275861-6325', 'Revolver Navy', NULL),
	(44, 'steam:11000010b4f2650', 4, 'WEAPON_KIT_BINOCULARS_IMPROVED', '[]', '[]', 0, 0, 0, 0, 1, 0, 0, '[]', 'Improved Binoculars', 'default', '', 'Improved Binoculars', NULL),
	(45, 'steam:11000010b4f2650', 4, 'WEAPON_SHOTGUN_DOUBLEBARREL', '[]', '[]', 0, 0, 0, 0, 1, 0, 0, '[]', 'Double Barrel Shotgun', 'default', '1752275861-3346', 'Double Barrel Shotgun', NULL),
	(46, 'steam:11000010b4f2650', 4, 'WEAPON_SNIPERRIFLE_CARCANO', '[]', '[]', 0, 0, 0, 0, 1, 0, 0, '[]', 'Carcano Rifle', 'default', '1752275862-5984', 'Carcano Rifle', NULL),
	(47, 'steam:11000010b4f2650', 4, 'WEAPON_SHOTGUN_SAWEDOFF', '[]', '[]', 0, 0, 0, 0, 0, 0, 0, '[]', 'Sawedoff Shotgun', 'default', '1752275862-8095', 'Sawedoff Shotgun', NULL),
	(48, 'steam:11000010b4f2650', 4, 'WEAPON_REVOLVER_DOUBLEACTION', '[]', '[]', 0, 0, 0, 0, 1, 1, 0, '[]', 'Revolver Double Action', 'default', '1752275862-4485', 'Revolver Double Action', NULL),
	(51, 'steam:11000010b17d982', 5, 'WEAPON_MELEE_KNIFE', '[]', '[]', 0, 0, 0, 0, 1, 0, 0, '[]', 'Knife', 'default', '', 'Knife', NULL),
	(53, 'steam:11000010b17d982', 5, 'WEAPON_SNIPERRIFLE_CARCANO', '[]', '[]', 0, 0, 0, 0, 1, 0, 0, '[]', 'Carcano Rifle', 'default', '1752504046-4949', 'Carcano Rifle', NULL),
	(54, 'steam:11000010b17d982', 5, 'WEAPON_SNIPERRIFLE_ROLLINGBLOCK', '[]', '[]', 0, 0, 0, 0, 1, 0, 0, '[]', 'Rolling Block Rifle', 'default', '1752504047-2111', 'Rolling Block Rifle', NULL),
	(56, '', 5, 'WEAPON_REVOLVER_NAVY', '[]', '[]', 0, 0, 0, 0, 0, 0, 1, '[]', 'Revolver Navy', 'default', '1752504241-9919', 'Revolver Navy', NULL),
	(57, '', 5, 'WEAPON_REVOLVER_NAVY', '[]', '[]', 0, 0, 0, 0, 0, 1, 1, '[]', 'Revolver Navy', 'default', '1752504241-4081', 'Revolver Navy', NULL),
	(58, 'steam:110000108c373d0', 2, 'WEAPON_MELEE_KNIFE', '[]', '[]', 0, 0, 0, 0, 1, 0, 0, '[]', 'Knife', 'default', '', 'Knife', NULL),
	(59, 'steam:11000010b17d982', 5, 'WEAPON_LASSO_REINFORCED', '[]', '[]', 0, 0, 0, 0, 1, 0, 0, '[]', 'Reinforced Lasso', 'default', '', 'Reinforced Lasso', NULL),
	(60, 'steam:11000010b17d982', 5, 'WEAPON_SHOTGUN_PUMP', '[]', '[]', 0, 0, 0, 0, 1, 0, 0, '[]', 'Pump Shotgun', 'default', '1752518591-3986', 'Pump Shotgun', NULL),
	(61, 'steam:110000108c373d0', 2, 'WEAPON_LASSO_REINFORCED', '[]', '[]', 0, 0, 0, 0, 1, 0, 0, '[]', 'Reinforced Lasso', 'default', '', 'Reinforced Lasso', NULL),
	(62, 'steam:110000108c373d0', 2, 'WEAPON_REVOLVER_LEMAT', '[]', '[]', 0, 0, 0, 0, 1, 0, 0, '[]', 'Revolver Lemat', 'default', '1752597217-8707', 'Revolver Lemat', NULL),
	(65, 'steam:11000014b113bd0', 1, 'WEAPON_MELEE_KNIFE', '[]', '[]', 0, 0, 0, 0, 1, 0, 0, '[]', 'Knife', 'default', '', 'Knife', NULL),
	(66, 'steam:11000014b113bd0', 1, 'WEAPON_LASSO_REINFORCED', '[]', '[]', 0, 0, 0, 0, 1, 0, 0, '[]', 'Reinforced Lasso', 'default', '', 'Reinforced Lasso', NULL),
	(67, 'steam:11000014b113bd0', 1, 'WEAPON_REPEATER_EVANS', '[]', '[]', 0, 0, 0, 0, 1, 0, 0, '[]', 'Evans Repeater', 'default', '1752856714-3502', 'Evans Repeater', NULL),
	(68, 'steam:11000014b113bd0', 1, 'WEAPON_REVOLVER_LEMAT', '[]', '[]', 0, 0, 0, 0, 0, 1, 0, '[]', 'Revolver Lemat', 'default', '1752856714-6352', 'Revolver Lemat', NULL),
	(69, 'steam:11000014b113bd0', 1, 'WEAPON_REVOLVER_LEMAT', '[]', '[]', 0, 0, 0, 0, 0, 1, 0, '[]', 'Revolver Lemat', 'default', '1752856714-5305', 'Revolver Lemat', NULL),
	(70, 'steam:11000014b113bd0', 1, 'WEAPON_KIT_BINOCULARS_IMPROVED', '[]', '[]', 0, 0, 0, 0, 1, 0, 0, '[]', 'Improved Binoculars', 'default', '', 'Improved Binoculars', NULL),
	(71, 'steam:11000010b17d982', 5, 'WEAPON_REVOLVER_LEMAT', '[]', '[]', 0, 0, 0, 0, 1, 0, 0, '[]', 'Revolver Lemat', 'default', '1752862447-8455', 'Revolver Lemat', NULL),
	(72, 'steam:11000010b17d982', 5, 'WEAPON_REVOLVER_LEMAT', '[]', '[]', 0, 0, 0, 0, 1, 1, 0, '[]', 'Revolver Lemat', 'default', '1752862447-6187', 'Revolver Lemat', NULL);

-- A despejar estrutura para tabela vorpcore_6eba9b.mailbox_mails
CREATE TABLE IF NOT EXISTS `mailbox_mails` (
  `id` int(11) NOT NULL AUTO_INCREMENT,
  `sender_id` varchar(50) DEFAULT NULL,
  `sender_firstname` varchar(50) DEFAULT NULL,
  `sender_lastname` varchar(50) DEFAULT NULL,
  `receiver_id` varchar(50) DEFAULT NULL,
  `receiver_firstname` varchar(50) DEFAULT NULL,
  `receiver_lastname` varchar(50) DEFAULT NULL,
  `message` text DEFAULT NULL,
  `opened` tinyint(1) DEFAULT 0,
  `received_at` datetime DEFAULT current_timestamp(),
  PRIMARY KEY (`id`)
) ENGINE=InnoDB AUTO_INCREMENT=11 DEFAULT CHARSET=utf8mb4 COLLATE=utf8mb4_general_ci;

-- A despejar dados para tabela vorpcore_6eba9b.mailbox_mails: ~6 rows (aproximadamente)
INSERT INTO `mailbox_mails` (`id`, `sender_id`, `sender_firstname`, `sender_lastname`, `receiver_id`, `receiver_firstname`, `receiver_lastname`, `message`, `opened`, `received_at`) VALUES
	(4, 'steam:11000014b113bd0', 'Sr', 'Carrasco', 'steam:11000015516cc97', 'Jamal', 'Core', 'corno', 0, '2025-07-12 00:00:57'),
	(5, 'steam:11000015516cc97', 'Jamal', 'Core', 'steam:11000014b113bd0', 'Sr', 'Carrasco', 'Vai se foder, corno e seu pai ', 0, '2025-07-12 00:01:28'),
	(7, 'steam:110000108c373d0', 'Xamiro', 'Mestre', 'steam:11000014b113bd0', 'Sr', 'Carrasco', 'CHEIRAS A MERDA', 0, '2025-07-12 00:03:55'),
	(8, 'steam:11000014b113bd0', 'Sr', 'Carrasco', 'steam:11000010b4f2650', 'gregorio', 'snake', 'marciuuu ', 0, '2025-07-12 14:36:58'),
	(9, 'steam:11000014b113bd0', 'Sr', 'Carrasco', 'steam:11000010b4f2650', 'gregorio', 'snake', 'vai trabalhar ', 0, '2025-07-14 15:37:05'),
	(10, 'steam:11000010b4f2650', 'gregorio', 'snake', 'steam:11000015516cc97', 'Jamal', 'Core', 'ssssss', 0, '2025-07-14 15:37:25');

-- A despejar estrutura para tabela vorpcore_6eba9b.outfits
CREATE TABLE IF NOT EXISTS `outfits` (
  `id` int(11) NOT NULL AUTO_INCREMENT,
  `identifier` varchar(45) NOT NULL,
  `charidentifier` int(11) DEFAULT NULL,
  `title` varchar(255) DEFAULT NULL,
  `comps` longtext DEFAULT NULL,
  `compTints` longtext DEFAULT NULL,
  PRIMARY KEY (`id`) USING BTREE
) ENGINE=InnoDB AUTO_INCREMENT=2 DEFAULT CHARSET=utf8mb4 COLLATE=utf8mb4_general_ci ROW_FORMAT=DYNAMIC;

-- A despejar dados para tabela vorpcore_6eba9b.outfits: ~1 rows (aproximadamente)
INSERT INTO `outfits` (`id`, `identifier`, `charidentifier`, `title`, `comps`, `compTints`) VALUES
	(1, 'steam:11000015516cc97', 3, 'Delegado', '{"Gauntlets":-1,"Accessories":-1,"Spurs":-202541861,"Pant":1821537650,"Hat":-577447992,"Badge":-1,"Boots":56395757,"Chap":1361405730,"Holster":-1,"Spats":-1,"Shirt":1268605773,"Bracelet":-1,"Poncho":-1,"Loadouts":-1,"Coat":-1,"Mask":-1,"RingRh":-1,"Gunbelt":-1844026044,"RingLh":-1,"Armor":-1,"Vest":-2028624053,"Teeth":712446626,"CoatClosed":-1,"Glove":-1,"Skirt":-1,"Satchels":-1,"Belt":-1,"Cloak":-1,"EyeWear":633673784,"Buckle":-183431111,"NeckTies":-1,"Dress":-1,"GunbeltAccs":-1,"Bow":-1,"NeckWear":-1,"Suspender":-1}', '{"Chap":{"1361405730":{"color":1,"index":3,"palette":1090645383,"tint0":15,"tint2":254,"tint1":240}},"Spurs":{"-202541861":{"color":1,"index":2,"palette":-783849117,"tint0":14,"tint2":88,"tint1":26}},"Pant":{"1821537650":{"color":4,"index":34,"palette":1090645383,"tint0":21,"tint2":20,"tint1":21}},"Hat":{"-577447992":{"color":6,"index":35,"palette":-783849117,"tint0":7,"tint2":7,"tint1":7}},"EyeWear":{"633673784":{"color":1,"index":5,"palette":-1543234321,"tint0":64,"tint2":11,"tint1":250}},"Buckle":{"-183431111":{"color":6,"index":2,"palette":1090645383,"tint0":44,"tint2":44,"tint1":44}},"Boots":{"56395757":{"color":1,"index":5,"palette":1669565057,"tint0":21,"tint2":55,"tint1":21}},"Shirt":{"1268605773":{"color":0,"index":7,"palette":-1436165981,"tint0":21,"tint2":19,"tint1":21}},"Vest":{"-2028624053":{"color":6,"index":22,"palette":1090645383,"tint0":46,"tint2":19,"tint1":243}},"Gunbelt":{"-1844026044":{"color":1,"index":17,"palette":-183908539,"tint0":0,"tint2":8,"tint1":60}}}');

-- A despejar estrutura para tabela vorpcore_6eba9b.player_horses
CREATE TABLE IF NOT EXISTS `player_horses` (
  `id` int(11) NOT NULL AUTO_INCREMENT,
  `identifier` varchar(50) NOT NULL,
  `charid` int(11) NOT NULL,
  `selected` int(11) NOT NULL DEFAULT 0,
  `name` varchar(100) NOT NULL,
  `model` varchar(100) NOT NULL,
  `components` varchar(5000) NOT NULL DEFAULT '{}',
  `gender` enum('male','female') DEFAULT 'male',
  `xp` int(11) NOT NULL DEFAULT 0,
  `captured` int(11) NOT NULL DEFAULT 0,
  `born` datetime NOT NULL DEFAULT current_timestamp(),
  `health` int(11) NOT NULL DEFAULT 50,
  `stamina` int(11) NOT NULL DEFAULT 50,
  `writhe` int(11) NOT NULL DEFAULT 0,
  `dead` int(11) NOT NULL DEFAULT 0,
  PRIMARY KEY (`id`),
  KEY `idx_charid` (`charid`),
  KEY `idx_identifier` (`identifier`)
) ENGINE=InnoDB AUTO_INCREMENT=11 DEFAULT CHARSET=utf8mb4 COLLATE=utf8mb4_general_ci;

-- A despejar dados para tabela vorpcore_6eba9b.player_horses: ~6 rows (aproximadamente)
INSERT INTO `player_horses` (`id`, `identifier`, `charid`, `selected`, `name`, `model`, `components`, `gender`, `xp`, `captured`, `born`, `health`, `stamina`, `writhe`, `dead`) VALUES
	(2, 'steam:110000108c373d0', 2, 1, 'overo', 'a_c_horse_missourifoxtrotter_blacktovero', '["0x95E9C95B","0x127E0412","0x8D0BC7DA","0xF8FB69CA","0x3BFE2A17","0x1A3B721B",0,0,0,0,"0xF772CED6","0x7956475F","0x0865A270"]', 'male', 15, 0, '2025-07-10 15:43:50', 100, 100, 0, 0),
	(3, 'steam:11000015516cc97', 3, 1, 'Krash', 'a_c_horse_gang_lenny', '["0x219DE87C",0,0,"0xC05AA4AA",0,0,0,0,0,0,0,"0x7956475F",0]', 'male', 2, 0, '2025-07-10 15:48:54', 100, 100, 0, 0),
	(4, 'steam:110000108c373d0', 2, 0, 'aa', 'a_c_horse_hungarianhalfbred_flaxenchestnut', '{}', 'male', 0, 0, '2025-07-10 16:30:37', 20, 20, 0, 0),
	(5, 'steam:11000010b4f2650', 4, 1, 'wawaa', 'a_c_horse_mustang_blackovero', '{}', 'male', 7, 0, '2025-07-12 00:23:50', 50, 50, 0, 0),
	(9, 'steam:11000014b113bd0', 1, 0, 'atlas', 'a_c_horse_americanpaint_tobiano', '["0x003897CA","0x127E0412","0x03B3AB08","0x1D4EDB88","0x130E341A","0x12DBBBAF","0x107D9598","0x12F0DF9F","0x08A78F53","0x004BBEED","0xF772CED6","0x0C48F261","0x0865A270"]', 'male', 31, 0, '2025-07-16 11:20:26', 0, 0, 0, 0),
	(10, 'steam:11000014b113bd0', 1, 1, 'teste', 'a_c_horse_thoroughbred_grey', '[0,0,0,0,0,0,0,0,0,0,0,0,0]', 'male', 0, 0, '2025-07-19 12:32:00', 50, 50, 0, 0);

-- A despejar estrutura para tabela vorpcore_6eba9b.player_wagons
CREATE TABLE IF NOT EXISTS `player_wagons` (
  `id` int(11) NOT NULL AUTO_INCREMENT,
  `identifier` varchar(50) NOT NULL,
  `charid` int(11) NOT NULL,
  `name` varchar(100) NOT NULL DEFAULT 'Minha Carroça',
  `model` varchar(100) NOT NULL,
  `stored` tinyint(1) NOT NULL DEFAULT 1,
  `health` int(11) NOT NULL DEFAULT 100,
  `fuel` int(11) NOT NULL DEFAULT 100,
  `components` longtext DEFAULT NULL,
  `inventory_items` longtext DEFAULT NULL,
  `coords_x` float DEFAULT NULL,
  `coords_y` float DEFAULT NULL,
  `coords_z` float DEFAULT NULL,
  `heading` float DEFAULT NULL,
  `created_at` timestamp NOT NULL DEFAULT current_timestamp(),
  `updated_at` timestamp NOT NULL DEFAULT current_timestamp() ON UPDATE current_timestamp(),
  `purchase_price` int(11) DEFAULT 0,
  `purchase_currency` enum('cash','gold') DEFAULT 'cash',
  `total_distance` float DEFAULT 0,
  `last_used` timestamp NULL DEFAULT NULL,
  PRIMARY KEY (`id`),
  KEY `identifier` (`identifier`),
  KEY `charid` (`charid`),
  KEY `stored` (`stored`),
  KEY `idx_player_wagons_identifier_charid` (`identifier`,`charid`),
  KEY `idx_player_wagons_model` (`model`),
  KEY `idx_player_wagons_stored` (`stored`)
) ENGINE=InnoDB AUTO_INCREMENT=3 DEFAULT CHARSET=utf8mb4 COLLATE=utf8mb4_general_ci;

-- A despejar dados para tabela vorpcore_6eba9b.player_wagons: ~2 rows (aproximadamente)
INSERT INTO `player_wagons` (`id`, `identifier`, `charid`, `name`, `model`, `stored`, `health`, `fuel`, `components`, `inventory_items`, `coords_x`, `coords_y`, `coords_z`, `heading`, `created_at`, `updated_at`, `purchase_price`, `purchase_currency`, `total_distance`, `last_used`) VALUES
	(1, 'steam:11000014b113bd0', 1, 'Minha Carroça', 'cart01', 1, 100, 100, NULL, NULL, NULL, NULL, NULL, NULL, '2025-07-15 22:06:02', '2025-07-15 22:06:02', 150, 'cash', 0, NULL),
	(2, 'steam:11000014b113bd0', 1, 'MinhaCarroça', 'cart01', 1, 100, 100, NULL, NULL, NULL, NULL, NULL, NULL, '2025-07-15 22:17:31', '2025-07-15 22:17:31', 150, 'cash', 0, NULL);

-- A despejar estrutura para tabela vorpcore_6eba9b.rooms
CREATE TABLE IF NOT EXISTS `rooms` (
  `id` int(11) NOT NULL AUTO_INCREMENT,
  `name` text NOT NULL,
  `identifier` varchar(60) NOT NULL,
  `charidentifier` int(11) NOT NULL,
  `key` text NOT NULL,
  PRIMARY KEY (`id`) USING BTREE
) ENGINE=InnoDB AUTO_INCREMENT=2 DEFAULT CHARSET=utf8 COLLATE=utf8_general_ci ROW_FORMAT=DYNAMIC;

-- A despejar dados para tabela vorpcore_6eba9b.rooms: ~1 rows (aproximadamente)
INSERT INTO `rooms` (`id`, `name`, `identifier`, `charidentifier`, `key`) VALUES
	(1, 'Room 2A', 'steam:11000014b113bd0', 1, 'hk_1');

-- A despejar estrutura para tabela vorpcore_6eba9b.stables
CREATE TABLE IF NOT EXISTS `stables` (
  `id` int(11) NOT NULL AUTO_INCREMENT,
  `identifier` varchar(50) DEFAULT NULL,
  `charidentifier` int(11) NOT NULL,
  `name` varchar(30) NOT NULL,
  `modelname` varchar(70) NOT NULL,
  `type` varchar(11) NOT NULL,
  `status` longtext DEFAULT NULL,
  `xp` int(11) DEFAULT 0,
  `injured` int(11) DEFAULT 0,
  `gear` longtext DEFAULT NULL,
  `isDefault` int(11) NOT NULL DEFAULT 0,
  `inventory` longtext DEFAULT NULL,
  PRIMARY KEY (`id`) USING BTREE
) ENGINE=InnoDB AUTO_INCREMENT=8 DEFAULT CHARSET=utf8mb4 COLLATE=utf8mb4_general_ci ROW_FORMAT=DYNAMIC;

-- A despejar dados para tabela vorpcore_6eba9b.stables: ~6 rows (aproximadamente)
INSERT INTO `stables` (`id`, `identifier`, `charidentifier`, `name`, `modelname`, `type`, `status`, `xp`, `injured`, `gear`, `isDefault`, `inventory`) VALUES
	(1, 'steam:', 2, 'yaya', 'A_C_Horse_Kladruber_Black', 'horse', NULL, 0, 2, '{"Saddlebags":491707272,"Saddles":3525692576}', 1, NULL),
	(2, 'steam:', 2, 'dfsdfs', 'huntercart01', 'cart', NULL, 0, 0, NULL, 1, NULL),
	(3, 'steam:', 2, 'sdadadad', 'huntercart01', 'cart', NULL, 0, 0, NULL, 0, NULL),
	(5, 'steam:', 1, 'carroa', 'cart02', 'cart', NULL, 0, 0, NULL, 1, NULL),
	(6, 'steam:', 1, 'czx', 'coach2', 'cart', NULL, 0, 0, NULL, 0, NULL),
	(7, 'steam:', 1, 'belga', 'A_C_HorseMule_01', 'horse', NULL, 0, 0, NULL, 1, NULL);

-- A despejar estrutura para tabela vorpcore_6eba9b.users
CREATE TABLE IF NOT EXISTS `users` (
  `identifier` varchar(50) CHARACTER SET utf8mb4 COLLATE utf8mb4_bin NOT NULL,
  `group` varchar(50) DEFAULT 'user',
  `warnings` int(11) DEFAULT 0,
  `banned` tinyint(1) DEFAULT NULL,
  `banneduntil` int(10) DEFAULT 0,
  `char` int(11) DEFAULT 1,
  PRIMARY KEY (`identifier`),
  UNIQUE KEY `identifier` (`identifier`)
) ENGINE=InnoDB DEFAULT CHARSET=utf8mb4 COLLATE=utf8mb4_general_ci;

-- A despejar dados para tabela vorpcore_6eba9b.users: ~5 rows (aproximadamente)
INSERT INTO `users` (`identifier`, `group`, `warnings`, `banned`, `banneduntil`, `char`) VALUES
	('steam:110000108c373d0', 'admin', 0, 0, 0, 1),
	('steam:11000010b17d982', 'admin', 0, 0, 0, 5),
	('steam:11000010b4f2650', 'admin', 0, 0, 0, 1),
	('steam:11000014b113bd0', 'admin', 0, 0, 0, 1),
	('steam:11000015516cc97', 'admin', 0, 0, 0, 1);

-- A despejar estrutura para vista vorpcore_6eba9b.vw_empresas_stats
-- A criar tabela temporária para vencer erros de dependências VIEW
CREATE TABLE `vw_empresas_stats` (
	`id` INT(11) NOT NULL,
	`nome` VARCHAR(1) NOT NULL COLLATE 'utf8_general_ci',
	`tipo` ENUM('padaria','ferreiro','loja_pecas','restaurante','bar','loja_roupas','banco','correios','hospital') NOT NULL COLLATE 'utf8_general_ci',
	`caixa` DECIMAL(10,2) NULL,
	`limite_inventario` INT(11) NULL,
	`total_funcionarios` BIGINT(21) NOT NULL,
	`total_cargos` BIGINT(21) NOT NULL,
	`total_creditos` DECIMAL(32,2) NULL,
	`total_debitos` DECIMAL(32,2) NULL,
	`data_criacao` TIMESTAMP NOT NULL,
	`data_atualizacao` TIMESTAMP NOT NULL
);

-- A despejar estrutura para vista vorpcore_6eba9b.vw_funcionarios_completo
-- A criar tabela temporária para vencer erros de dependências VIEW
CREATE TABLE `vw_funcionarios_completo` (
	`id` INT(11) NOT NULL,
	`empresa_id` INT(11) NOT NULL,
	`char_id` INT(11) NOT NULL,
	`cargo_id` INT(11) NOT NULL,
	`data_contratacao` TIMESTAMP NOT NULL,
	`empresa_nome` VARCHAR(1) NOT NULL COLLATE 'utf8_general_ci',
	`empresa_tipo` ENUM('padaria','ferreiro','loja_pecas','restaurante','bar','loja_roupas','banco','correios','hospital') NOT NULL COLLATE 'utf8_general_ci',
	`cargo_nome` VARCHAR(1) NOT NULL COLLATE 'utf8_general_ci',
	`cargo_salario` DECIMAL(8,2) NULL,
	`cargo_acesso_caixa` TINYINT(1) NULL
);

-- A despejar estrutura para vista vorpcore_6eba9b.vw_movimentacoes_resumo
-- A criar tabela temporária para vencer erros de dependências VIEW
CREATE TABLE `vw_movimentacoes_resumo` 
);

-- A despejar estrutura para tabela vorpcore_6eba9b.wagons
CREATE TABLE IF NOT EXISTS `wagons` (
  `id` int(11) NOT NULL AUTO_INCREMENT,
  `identifier` varchar(40) NOT NULL,
  `charid` int(11) NOT NULL,
  `selected` int(11) NOT NULL DEFAULT 0,
  `model` varchar(50) NOT NULL,
  `name` varchar(50) NOT NULL,
  `items` longtext DEFAULT '{}',
  PRIMARY KEY (`id`),
  KEY `FK_horses_characters` (`charid`),
  KEY `model` (`model`)
) ENGINE=InnoDB DEFAULT CHARSET=utf8mb4 COLLATE=utf8mb4_general_ci;

-- A despejar dados para tabela vorpcore_6eba9b.wagons: ~0 rows (aproximadamente)

-- A despejar estrutura para tabela vorpcore_6eba9b.whitelist
CREATE TABLE IF NOT EXISTS `whitelist` (
  `id` int(11) NOT NULL AUTO_INCREMENT,
  `identifier` varchar(50) CHARACTER SET utf8mb4 COLLATE utf8mb4_bin NOT NULL,
  `status` tinyint(1) DEFAULT NULL,
  `firstconnection` tinyint(1) DEFAULT 1,
  `discordid` varchar(255) DEFAULT '0',
  PRIMARY KEY (`id`) USING BTREE,
  UNIQUE KEY `identifier` (`identifier`) USING BTREE
) ENGINE=InnoDB DEFAULT CHARSET=utf8mb4 COLLATE=utf8mb4_general_ci ROW_FORMAT=DYNAMIC;

-- A despejar dados para tabela vorpcore_6eba9b.whitelist: ~0 rows (aproximadamente)

-- A despejar estrutura para disparador vorpcore_6eba9b.tr_empresa_movimentacoes_insert
SET @OLDTMP_SQL_MODE=@@SQL_MODE, SQL_MODE='NO_ZERO_IN_DATE,NO_ZERO_DATE,NO_ENGINE_SUBSTITUTION';
DELIMITER //
CREATE TRIGGER tr_empresa_movimentacoes_insert
    AFTER INSERT ON empresa_movimentacoes
    FOR EACH ROW
BEGIN
    -- Log automático pode ser adicionado aqui se necessário
    -- Por exemplo, inserir em tabela de auditoria
    SET @log_message = CONCAT('Nova movimentação: ', NEW.tipo, ' - R$', NEW.valor);
END//
DELIMITER ;
SET SQL_MODE=@OLDTMP_SQL_MODE;

-- A despejar estrutura para disparador vorpcore_6eba9b.tr_empresa_movimentacoes_update
SET @OLDTMP_SQL_MODE=@@SQL_MODE, SQL_MODE='NO_ZERO_IN_DATE,NO_ZERO_DATE,NO_ENGINE_SUBSTITUTION';
DELIMITER //
CREATE TRIGGER tr_empresa_movimentacoes_update
    AFTER UPDATE ON empresa_movimentacoes
    FOR EACH ROW
BEGIN
    -- Log de alterações
    SET @log_message = CONCAT('Movimentação alterada: ID ', NEW.id);
END//
DELIMITER ;
SET SQL_MODE=@OLDTMP_SQL_MODE;

-- A remover tabela temporária e a criar estrutura VIEW final
DROP TABLE IF EXISTS `vw_empresas_stats`;
CREATE ALGORITHM=UNDEFINED SQL SECURITY DEFINER VIEW `vw_empresas_stats` AS SELECT 
    e.id,
    e.nome,
    e.tipo,
    e.caixa,
    e.limite_inventario,
    COUNT(DISTINCT ef.char_id) as total_funcionarios,
    COUNT(DISTINCT ec.id) as total_cargos,
    COALESCE(SUM(CASE WHEN em.tipo IN ('deposito', 'admin_credito') THEN em.valor ELSE 0 END), 0) as total_creditos,
    COALESCE(SUM(CASE WHEN em.tipo IN ('retirada', 'pagamento', 'admin_debito') THEN em.valor ELSE 0 END), 0) as total_debitos,
    e.data_criacao,
    e.data_atualizacao
FROM empresas e
LEFT JOIN empresa_funcionarios ef ON e.id = ef.empresa_id
LEFT JOIN empresa_cargos ec ON e.id = ec.empresa_id
LEFT JOIN empresa_movimentacoes em ON e.id = em.empresa_id
WHERE e.ativa = TRUE
GROUP BY e.id, e.nome, e.tipo, e.caixa, e.limite_inventario, e.data_criacao, e.data_atualizacao 
;

-- A remover tabela temporária e a criar estrutura VIEW final
DROP TABLE IF EXISTS `vw_funcionarios_completo`;
CREATE ALGORITHM=UNDEFINED SQL SECURITY DEFINER VIEW `vw_funcionarios_completo` AS SELECT 
    ef.id,
    ef.empresa_id,
    ef.char_id,
    ef.cargo_id,
    ef.data_contratacao,
    e.nome as empresa_nome,
    e.tipo as empresa_tipo,
    ec.nome as cargo_nome,
    ec.salario as cargo_salario,
    ec.acesso_caixa as cargo_acesso_caixa
FROM empresa_funcionarios ef
JOIN empresas e ON ef.empresa_id = e.id
JOIN empresa_cargos ec ON ef.cargo_id = ec.id
WHERE e.ativa = TRUE 
;

-- A remover tabela temporária e a criar estrutura VIEW final
DROP TABLE IF EXISTS `vw_movimentacoes_resumo`;
CREATE ALGORITHM=UNDEFINED SQL SECURITY DEFINER VIEW `vw_movimentacoes_resumo` AS SELECT 
    e.id as empresa_id,
    e.nome as empresa_nome,
    DATE(em.timestamp) as data_movimento,
    em.tipo,
    SUM(em.valor) as total_valor,
    COUNT(*) as total_movimentos
FROM empresas e
JOIN empresa_movimentacoes em ON e.id = em.empresa_id
GROUP BY e.id, e.nome, DATE(em.timestamp), em.tipo
ORDER BY data_movimento DESC 
;

/*!40103 SET TIME_ZONE=IFNULL(@OLD_TIME_ZONE, 'system') */;
/*!40101 SET SQL_MODE=IFNULL(@OLD_SQL_MODE, '') */;
/*!40014 SET FOREIGN_KEY_CHECKS=IFNULL(@OLD_FOREIGN_KEY_CHECKS, 1) */;
/*!40101 SET CHARACTER_SET_CLIENT=@OLD_CHARACTER_SET_CLIENT */;
/*!40111 SET SQL_NOTES=IFNULL(@OLD_SQL_NOTES, 1) */;
